,0.1,0.2,0.30000000000000004,0.4,0.5,0.6,0.7000000000000001,0.8,0.9
0.1," 
【背景】
研究助成金の対象となる研究のキーワードを特定します。
【公募情報】から、関連性の最も高い研究キーワードを5 つ、列挙してください。
研究キーワードはできるだけ短い、10 文字以下にしてください。
最後に、研究キーワードだけをスペース区切りのリストで出力してください。

【公募情報】
▁▁▁▁ 
▁▁▁▁ ""公募機関名: 八洲環境技術振興財団
▁▁▁▁ 資金種別: 助成金／寄附金
▁▁▁▁ 分野: 基礎研究、環境・地球観測、エネルギー・資源
▁▁▁▁ 件名（事業 / 助成金名）: 【八洲環境技術振興財団】2023 年度研究開発・調査助成
▁▁▁▁ 事業概要: 環境技術分野における基礎的な技術に関する下記の研究課題について、研究に従事しているか、又は具体的に研究着手の段階にあり、２～３年以内に研究の成果が期待されるものとします。
▁▁▁▁ 《研究課題》
▁▁▁▁ （1 ）再生可能エネルギー源等に関連する技術開発
▁▁▁▁ （2 ）クリーン燃料
▁▁▁▁ （3 ）エネルギーの転換、輸送、貯蔵、利用の高効率化、合理化およびそれらのシステム
▁▁▁▁ （4 ）エネルギー材料、デバイス
▁▁▁▁ （5 ）環境保全、地球温暖化防止、エネルギー利用上の技術
▁▁▁▁ （6 ）環境技術マネジメントの基礎研究
▁▁▁▁ （7 ）環境技術に関する調査研究
▁▁▁▁ （8 ）その他、環境技術に関する研究
▁▁▁▁ 
▁▁▁▁ 
▁▁▁▁ 
▁▁▁▁ 
▁▁▁▁ 
▁▁▁▁ 
▁▁▁▁ 
▁▁▁▁ 
▁▁▁▁ 
▁▁▁▁ 
▁▁▁▁ 
▁▁▁▁ 
▁▁▁▁ 
▁▁▁▁ 
▁▁▁▁ 
▁▁▁▁ 
▁▁▁▁ 
▁▁▁▁ 
▁▁▁▁ 
▁▁▁▁ 
▁▁▁▁ 
▁▁▁▁ 
▁▁▁▁ 
▁▁▁▁ 
▁▁▁▁ 
▁▁▁▁ 
▁▁▁▁ 
▁▁▁▁ 
▁▁▁▁ 
▁▁▁▁ 
▁▁▁▁ 
▁▁▁▁ 
▁▁▁▁ 
▁▁▁▁ 
▁▁▁▁ 
▁▁▁▁ 
▁▁▁▁ 
▁▁▁▁ 
▁▁▁▁ 
▁▁▁▁ 
▁▁▁▁ 
▁▁▁▁ 
▁▁▁▁ 
▁▁▁▁ 
▁▁▁▁ 
▁▁▁▁ 
▁▁▁▁ 
▁▁▁▁ 
▁▁▁▁ 
▁▁▁▁ 
▁▁▁▁ 
▁▁▁▁ 
▁▁▁▁ 
▁▁▁▁
"," 
【背景】
研究助成金の対象となる研究のキーワードを特定します。
【公募情報】から、関連性の最も高い研究キーワードを5 つ、列挙してください。
研究キーワードはできるだけ短い、10 文字以下にしてください。
最後に、研究キーワードだけをスペース区切りのリストで出力してください。

【公募情報】
▁▁▁▁ 
▁▁▁▁ ""公募機関名: 八洲環境技術振興財団
▁▁▁▁ 資金種別: 助成金／寄附金
▁▁▁▁ 分野: 基礎研究、環境・地球観測、エネルギー・資源
▁▁▁▁ 件名（事業 / 助成金名）: 【八洲環境技術振興財団】2023 年度研究開発・調査助成
▁▁▁▁ 事業概要: 環境技術分野における基礎的な技術に関する下記の研究課題について、研究に従事しているか、又は具体的に研究着手の段階にあり、２～３年以内に研究の成果が期待されるものとします。
▁▁▁▁ 《研究課題》
▁▁▁▁ （1 ）再生可能エネルギー源等に関連する技術開発
▁▁▁▁ （2 ）クリーン燃料
▁▁▁▁ （3 ）エネルギーの転換、輸送、貯蔵、利用の高効率化、合理化およびそれらのシステム
▁▁▁▁ （4 ）エネルギー材料、デバイス
▁▁▁▁ （5 ）環境保全、地球温暖化防止、エネルギー利用上の技術
▁▁▁▁ （6 ）環境技術マネジメントの基礎研究
▁▁▁▁ （7 ）環境技術に関する調査研究
▁▁▁▁ （8 ）その他、環境技術に関する研究
▁▁▁▁ 
▁▁▁▁ 
▁▁▁▁ 
▁▁▁▁ 
▁▁▁▁ 
▁▁▁▁ 
▁▁▁▁ 
▁▁▁▁ 
▁▁▁▁ 
▁▁▁▁ 
▁▁▁▁ 
▁▁▁▁ 
▁▁▁▁ 
▁▁▁▁ 
▁▁▁▁ 
▁▁▁▁ 
▁▁▁▁ 
▁▁▁▁ 
▁▁▁▁ 
▁▁▁▁ 
▁▁▁▁ 
▁▁▁▁ 
▁▁▁▁ 
▁▁▁▁ 
▁▁▁▁ 
▁▁▁▁ 
▁▁▁▁ 
▁▁▁▁ 
▁▁▁▁ 
▁▁▁▁ 
▁▁▁▁ 
▁▁▁▁ 
▁▁▁▁ 
▁▁▁▁ 
▁▁▁▁ 
▁▁▁▁ 
▁▁▁▁ 
▁▁▁▁ 
▁▁▁▁ 
▁▁▁▁ 
▁▁▁▁ 
▁▁▁▁ 
▁▁▁▁ 
▁▁▁▁ 
▁▁▁▁ 
▁▁▁▁ 
▁▁▁▁ 
▁▁▁▁ 
▁▁▁▁ 
▁▁▁▁ 
▁▁▁▁ 
▁▁▁▁ 
▁▁▁▁ 
▁▁▁▁
"," 
【背景】
研究助成金の対象となる研究のキーワードを特定します。
【公募情報】から、関連性の最も高い研究キーワードを5 つ、列挙してください。
研究キーワードはできるだけ短い、10 文字以下にしてください。
最後に、研究キーワードだけをスペース区切りのリストで出力してください。

【公募情報】
▁▁▁▁ 
▁▁▁▁ ""公募機関名: 八洲環境技術振興財団
▁▁▁▁ 資金種別: 助成金／寄附金
▁▁▁▁ 分野: 基礎研究、環境・地球観測、エネルギー・資源
▁▁▁▁ 件名（事業 / 助成金名）: 【八洲環境技術振興財団】2023 年度研究開発・調査助成
▁▁▁▁ 事業概要: 環境技術分野における基礎的な技術に関する下記の研究課題について、研究に従事しているか、又は具体的に研究着手の段階にあり、２～３年以内に研究の成果が期待されるものとします。
▁▁▁▁ 《研究課題》
▁▁▁▁ （1 ）再生可能エネルギー源等に関連する技術開発
▁▁▁▁ （2 ）クリーン燃料
▁▁▁▁ （3 ）エネルギーの転換、輸送、貯蔵、利用の高効率化、合理化およびそれらのシステム
▁▁▁▁ （4 ）エネルギー材料、デバイス
▁▁▁▁ （5 ）環境保全、地球温暖化防止、エネルギー利用上の技術
▁▁▁▁ （6 ）環境技術マネジメントの基礎研究
▁▁▁▁ （7 ）環境技術に関する調査研究
▁▁▁▁ （8 ）その他、環境技術に関する研究
▁▁▁▁ 
▁▁▁▁ 
▁▁▁▁ 
▁▁▁▁ 
▁▁▁▁ 
▁▁▁▁ 
▁▁▁▁ 
▁▁▁▁ 
▁▁▁▁ 
▁▁▁▁ 
▁▁▁▁ 
▁▁▁▁ 
▁▁▁▁ 
▁▁▁▁ 
▁▁▁▁ 
▁▁▁▁ 
▁▁▁▁ 
▁▁▁▁ 
▁▁▁▁ 
▁▁▁▁ 
▁▁▁▁ 
▁▁▁▁ 
▁▁▁▁ 
▁▁▁▁ 
▁▁▁▁ 
▁▁▁▁ 
▁▁▁▁ 
▁▁▁▁ 
▁▁▁▁ 
▁▁▁▁ 
▁▁▁▁ 
▁▁▁▁ 
▁▁▁▁ 
▁▁▁▁ 
▁▁▁▁ 
▁▁▁▁ 
▁▁▁▁ 
▁▁▁▁ 
▁▁▁▁ 
▁▁▁▁ 
▁▁▁▁ 
▁▁▁▁ 
▁▁▁▁ 
▁▁▁▁ 
▁▁▁▁ 
▁▁▁▁ 
▁▁▁▁ 
▁▁▁▁ 
▁▁▁▁ 
▁▁▁▁ 
▁▁▁▁ 
▁▁▁▁ 
▁▁▁▁ 
▁▁▁▁
"," 
【背景】
研究助成金の対象となる研究のキーワードを特定します。
【公募情報】から、関連性の最も高い研究キーワードを5 つ、列挙してください。
研究キーワードはできるだけ短い、10 文字以下にしてください。
最後に、研究キーワードだけをスペース区切りのリストで出力してください。

【公募情報】
▁▁▁▁ 
▁▁▁▁ ""公募機関名: 八洲環境技術振興財団
▁▁▁▁ 資金種別: 助成金／寄附金
▁▁▁▁ 分野: 基礎研究、環境・地球観測、エネルギー・資源
▁▁▁▁ 件名（事業 / 助成金名）: 【八洲環境技術振興財団】2023 年度研究開発・調査助成
▁▁▁▁ 事業概要: 環境技術分野における基礎的な技術に関する下記の研究課題について、研究に従事しているか、又は具体的に研究着手の段階にあり、２～３年以内に研究の成果が期待されるものとします。
▁▁▁▁ 《研究課題》
▁▁▁▁ （1 ）再生可能エネルギー源等に関連する技術開発
▁▁▁▁ （2 ）クリーン燃料
▁▁▁▁ （3 ）エネルギーの転換、輸送、貯蔵、利用の高効率化、合理化およびそれらのシステム
▁▁▁▁ （4 ）エネルギー材料、デバイス
▁▁▁▁ （5 ）環境保全、地球温暖化防止、エネルギー利用上の技術
▁▁▁▁ （6 ）環境技術マネジメントの基礎研究
▁▁▁▁ （7 ）環境技術に関する調査研究
▁▁▁▁ （8 ）その他、環境技術に関する研究
▁▁▁▁ 
▁▁▁▁ 
▁▁▁▁ 
▁▁▁▁ 
▁▁▁▁ 
▁▁▁▁ 
▁▁▁▁ 
▁▁▁▁ 
▁▁▁▁ 
▁▁▁▁ 
▁▁▁▁ 
▁▁▁▁ 
▁▁▁▁ 
▁▁▁▁ 
▁▁▁▁ 
▁▁▁▁ 
▁▁▁▁ 
▁▁▁▁ 
▁▁▁▁ 
▁▁▁▁ 
▁▁▁▁ 
▁▁▁▁ 
▁▁▁▁ 
▁▁▁▁ 
▁▁▁▁ 
▁▁▁▁ 
▁▁▁▁ 
▁▁▁▁ 
▁▁▁▁ 
▁▁▁▁ 
▁▁▁▁ 
▁▁▁▁ 
▁▁▁▁ 
▁▁▁▁ 
▁▁▁▁ 
▁▁▁▁ 
▁▁▁▁ 
▁▁▁▁ 
▁▁▁▁ 
▁▁▁▁ 
▁▁▁▁ 
▁▁▁▁ 
▁▁▁▁ 
▁▁▁▁ 
▁▁▁▁ 
▁▁▁▁ 
▁▁▁▁ 
▁▁▁▁ 
▁▁▁▁ 
▁▁▁▁ 
▁▁▁▁ 
▁▁▁▁ 
▁▁▁▁ 
▁▁▁▁
"," 
【背景】
研究助成金の対象となる研究のキーワードを特定します。
【公募情報】から、関連性の最も高い研究キーワードを5 つ、列挙してください。
研究キーワードはできるだけ短い、10 文字以下にしてください。
最後に、研究キーワードだけをスペース区切りのリストで出力してください。

【公募情報】
▁▁▁▁ 
▁▁▁▁ ""公募機関名: 八洲環境技術振興財団
▁▁▁▁ 資金種別: 助成金／寄附金
▁▁▁▁ 分野: 基礎研究、環境・地球観測、エネルギー・資源
▁▁▁▁ 件名（事業 / 助成金名）: 【八洲環境技術振興財団】2023 年度研究開発・調査助成
▁▁▁▁ 事業概要: 環境技術分野における基礎的な技術に関する下記の研究課題について、研究に従事しているか、又は具体的に研究着手の段階にあり、２～３年以内に研究の成果が期待されるものとします。
▁▁▁▁ 《研究課題》
▁▁▁▁ （1 ）再生可能エネルギー源等に関連する技術開発
▁▁▁▁ （2 ）クリーン燃料
▁▁▁▁ （3 ）エネルギーの転換、輸送、貯蔵、利用の高効率化、合理化およびそれらのシステム
▁▁▁▁ （4 ）エネルギー材料、デバイス
▁▁▁▁ （5 ）環境保全、地球温暖化防止、エネルギー利用上の技術
▁▁▁▁ （6 ）環境技術マネジメントの基礎研究
▁▁▁▁ （7 ）環境技術に関する調査研究
▁▁▁▁ （8 ）その他、環境技術に関する研究
▁▁▁▁ 
▁▁▁▁ 
▁▁▁▁ 
▁▁▁▁ 
▁▁▁▁ 
▁▁▁▁ 
▁▁▁▁ 
▁▁▁▁ 
▁▁▁▁ 
▁▁▁▁ 
▁▁▁▁ 
▁▁▁▁ 
▁▁▁▁ 
▁▁▁▁ 
▁▁▁▁ 
▁▁▁▁ 
▁▁▁▁ 
▁▁▁▁ 
▁▁▁▁ 
▁▁▁▁ 
▁▁▁▁ 
▁▁▁▁ 
▁▁▁▁ 
▁▁▁▁ 
▁▁▁▁ 
▁▁▁▁ 
▁▁▁▁ 
▁▁▁▁ 
▁▁▁▁ 
▁▁▁▁ 
▁▁▁▁ 
▁▁▁▁ 
▁▁▁▁ 
▁▁▁▁ 
▁▁▁▁ 
▁▁▁▁ 
▁▁▁▁ 
▁▁▁▁ 
▁▁▁▁ 
▁▁▁▁ 
▁▁▁▁ 
▁▁▁▁ 
▁▁▁▁ 
▁▁▁▁ 
▁▁▁▁ 
▁▁▁▁ 
▁▁▁▁ 
▁▁▁▁ 
▁▁▁▁ 
▁▁▁▁ 
▁▁▁▁ 
▁▁▁▁ 
▁▁▁▁ 
▁▁▁▁
"," 
【背景】
研究助成金の対象となる研究のキーワードを特定します。
【公募情報】から、関連性の最も高い研究キーワードを5 つ、列挙してください。
研究キーワードはできるだけ短い、10 文字以下にしてください。
最後に、研究キーワードだけをスペース区切りのリストで出力してください。

【公募情報】
▁▁▁▁ 
▁▁▁▁ ""公募機関名: 八洲環境技術振興財団
▁▁▁▁ 資金種別: 助成金／寄附金
▁▁▁▁ 分野: 基礎研究、環境・地球観測、エネルギー・資源
▁▁▁▁ 件名（事業 / 助成金名）: 【八洲環境技術振興財団】2023 年度研究開発・調査助成
▁▁▁▁ 事業概要: 環境技術分野における基礎的な技術に関する下記の研究課題について、研究に従事しているか、又は具体的に研究着手の段階にあり、２～３年以内に研究の成果が期待されるものとします。
▁▁▁▁ 《研究課題》
▁▁▁▁ （1 ）再生可能エネルギー源等に関連する技術開発
▁▁▁▁ （2 ）クリーン燃料
▁▁▁▁ （3 ）エネルギーの転換、輸送、貯蔵、利用の高効率化、合理化およびそれらのシステム
▁▁▁▁ （4 ）エネルギー材料、デバイス
▁▁▁▁ （5 ）環境保全、地球温暖化防止、エネルギー利用上の技術
▁▁▁▁ （6 ）環境技術マネジメントの基礎研究
▁▁▁▁ （7 ）環境技術に関する調査研究
▁▁▁▁ （8 ）その他、環境技術に関する研究
▁▁▁▁ 
▁▁▁▁ 
▁▁▁▁ 
▁▁▁▁ 
▁▁▁▁ 
▁▁▁▁ 
▁▁▁▁ 
▁▁▁▁ 
▁▁▁▁ 
▁▁▁▁ 
▁▁▁▁ 
▁▁▁▁ 
▁▁▁▁ 
▁▁▁▁ 
▁▁▁▁ 
▁▁▁▁ 
▁▁▁▁ 
▁▁▁▁ 
▁▁▁▁ 
▁▁▁▁ 
▁▁▁▁ 
▁▁▁▁ 
▁▁▁▁ 
▁▁▁▁ 
▁▁▁▁ 
▁▁▁▁ 
▁▁▁▁ 
▁▁▁▁ 
▁▁▁▁ 
▁▁▁▁ 
▁▁▁▁ 
▁▁▁▁ 
▁▁▁▁ 
▁▁▁▁ 
▁▁▁▁ 
▁▁▁▁ 
▁▁▁▁ 
▁▁▁▁ 
▁▁▁▁ 
▁▁▁▁ 
▁▁▁▁ 
▁▁▁▁ 
▁▁▁▁ 
▁▁▁▁ 
▁▁▁▁ 
▁▁▁▁ 
▁▁▁▁ 
▁▁▁▁ 
▁▁▁▁ 
▁▁▁▁ 
▁▁▁▁ 
▁▁▁▁ 
▁▁▁▁ 
▁▁▁▁
"," 
【背景】
研究助成金の対象となる研究のキーワードを特定します。
【公募情報】から、関連性の最も高い研究キーワードを5 つ、列挙してください。
研究キーワードはできるだけ短い、10 文字以下にしてください。
最後に、研究キーワードだけをスペース区切りのリストで出力してください。

【公募情報】
▁▁▁▁ 
▁▁▁▁ ""公募機関名: 八洲環境技術振興財団
▁▁▁▁ 資金種別: 助成金／寄附金
▁▁▁▁ 分野: 基礎研究、環境・地球観測、エネルギー・資源
▁▁▁▁ 件名（事業 / 助成金名）: 【八洲環境技術振興財団】2023 年度研究開発・調査助成
▁▁▁▁ 事業概要: 環境技術分野における基礎的な技術に関する下記の研究課題について、研究に従事しているか、又は具体的に研究着手の段階にあり、２～３年以内に研究の成果が期待されるものとします。
▁▁▁▁ 《研究課題》
▁▁▁▁ （1 ）再生可能エネルギー源等に関連する技術開発
▁▁▁▁ （2 ）クリーン燃料
▁▁▁▁ （3 ）エネルギーの転換、輸送、貯蔵、利用の高効率化、合理化およびそれらのシステム
▁▁▁▁ （4 ）エネルギー材料、デバイス
▁▁▁▁ （5 ）環境保全、地球温暖化防止、エネルギー利用上の技術
▁▁▁▁ （6 ）環境技術マネジメントの基礎研究
▁▁▁▁ （7 ）環境技術に関する調査研究
▁▁▁▁ （8 ）その他、環境技術に関する研究
▁▁▁▁ 
▁▁▁▁ 
▁▁▁▁ 
▁▁▁▁ 
▁▁▁▁ 
▁▁▁▁ 
▁▁▁▁ 
▁▁▁▁ 
▁▁▁▁ 
▁▁▁▁ 
▁▁▁▁ 
▁▁▁▁ 
▁▁▁▁ 
▁▁▁▁ 
▁▁▁▁ 
▁▁▁▁ 
▁▁▁▁ 
▁▁▁▁ 
▁▁▁▁ 
▁▁▁▁ 
▁▁▁▁ 
▁▁▁▁ 
▁▁▁▁ 
▁▁▁▁ 
▁▁▁▁ 
▁▁▁▁ 
▁▁▁▁ 
▁▁▁▁ 
▁▁▁▁ 
▁▁▁▁ 
▁▁▁▁ 
▁▁▁▁ 
▁▁▁▁ 
▁▁▁▁ 
▁▁▁▁ 
▁▁▁▁ 
▁▁▁▁ 
▁▁▁▁ 
▁▁▁▁ 
▁▁▁▁ 
▁▁▁▁ 
▁▁▁▁ 
▁▁▁▁ 
▁▁▁▁ 
▁▁▁▁ 
▁▁▁▁ 
▁▁▁▁ 
▁▁▁▁ 
▁▁▁▁ 
▁▁▁▁ 
▁▁▁▁ 
▁▁▁▁ 
▁▁▁▁ 
▁▁▁▁
"," 
【背景】
研究助成金の対象となる研究のキーワードを特定します。
【公募情報】から、関連性の最も高い研究キーワードを5 つ、列挙してください。
研究キーワードはできるだけ短い、10 文字以下にしてください。
最後に、研究キーワードだけをスペース区切りのリストで出力してください。

【公募情報】
▁▁▁▁ 
▁▁▁▁ ""公募機関名: 八洲環境技術振興財団
▁▁▁▁ 資金種別: 助成金／寄附金
▁▁▁▁ 分野: 基礎研究、環境・地球観測、エネルギー・資源
▁▁▁▁ 件名（事業 / 助成金名）: 【八洲環境技術振興財団】2023 年度研究開発・調査助成
▁▁▁▁ 事業概要: 環境技術分野における基礎的な技術に関する下記の研究課題について、研究に従事しているか、又は具体的に研究着手の段階にあり、２～３年以内に研究の成果が期待されるものとします。
▁▁▁▁ 《研究課題》
▁▁▁▁ （1 ）再生可能エネルギー源等に関連する技術開発
▁▁▁▁ （2 ）クリーン燃料
▁▁▁▁ （3 ）エネルギーの転換、輸送、貯蔵、利用の高効率化、合理化およびそれらのシステム
▁▁▁▁ （4 ）エネルギー材料、デバイス
▁▁▁▁ （5 ）環境保全、地球温暖化防止、エネルギー利用上の技術
▁▁▁▁ （6 ）環境技術マネジメントの基礎研究
▁▁▁▁ （7 ）環境技術に関する調査研究
▁▁▁▁ （8 ）その他、環境技術に関する研究
▁▁▁▁ 
▁▁▁▁ 
▁▁▁▁ 
▁▁▁▁ 
▁▁▁▁ 
▁▁▁▁ 
▁▁▁▁ 
▁▁▁▁ 
▁▁▁▁ 
▁▁▁▁ 
▁▁▁▁ 
▁▁▁▁ 
▁▁▁▁ 
▁▁▁▁ 
▁▁▁▁ 
▁▁▁▁ 
▁▁▁▁ 
▁▁▁▁ 
▁▁▁▁ 
▁▁▁▁ 
▁▁▁▁ 
▁▁▁▁ 
▁▁▁▁ 
▁▁▁▁ 
▁▁▁▁ 
▁▁▁▁ 
▁▁▁▁ 
▁▁▁▁ 
▁▁▁▁ 
▁▁▁▁ 
▁▁▁▁ 
▁▁▁▁ 
▁▁▁▁ 
▁▁▁▁ 
▁▁▁▁ 
▁▁▁▁ 
▁▁▁▁ 
▁▁▁▁ 
▁▁▁▁ 
▁▁▁▁ 
▁▁▁▁ 
▁▁▁▁ 
▁▁▁▁ 
▁▁▁▁ 
▁▁▁▁ 
▁▁▁▁ 
▁▁▁▁ 
▁▁▁▁ 
▁▁▁▁ 
▁▁▁▁ 
▁▁▁▁ 
▁▁▁▁ 
▁▁▁▁ 
▁▁▁▁
"," 
【背景】
研究助成金の対象となる研究のキーワードを特定します。
【公募情報】から、関連性の最も高い研究キーワードを5 つ、列挙してください。
研究キーワードはできるだけ短い、10 文字以下にしてください。
最後に、研究キーワードだけをスペース区切りのリストで出力してください。

【公募情報】
▁▁▁▁ 
▁▁▁▁ ""公募機関名: 八洲環境技術振興財団
▁▁▁▁ 資金種別: 助成金／寄附金
▁▁▁▁ 分野: 基礎研究、環境・地球観測、エネルギー・資源
▁▁▁▁ 件名（事業 / 助成金名）: 【八洲環境技術振興財団】2023 年度研究開発・調査助成
▁▁▁▁ 事業概要: 環境技術分野における基礎的な技術に関する下記の研究課題について、研究に従事しているか、又は具体的に研究着手の段階にあり、２～３年以内に研究の成果が期待されるものとします。
▁▁▁▁ 《研究課題》
▁▁▁▁ （1 ）再生可能エネルギー源等に関連する技術開発
▁▁▁▁ （2 ）クリーン燃料
▁▁▁▁ （3 ）エネルギーの転換、輸送、貯蔵、利用の高効率化、合理化およびそれらのシステム
▁▁▁▁ （4 ）エネルギー材料、デバイス
▁▁▁▁ （5 ）環境保全、地球温暖化防止、エネルギー利用上の技術
▁▁▁▁ （6 ）環境技術マネジメントの基礎研究
▁▁▁▁ （7 ）環境技術に関する調査研究
▁▁▁▁ （8 ）その他、環境技術に関する研究
▁▁▁▁ 
▁▁▁▁ 
▁▁▁▁ 
▁▁▁▁ 
▁▁▁▁ 
▁▁▁▁ 
▁▁▁▁ 
▁▁▁▁ 
▁▁▁▁ 
▁▁▁▁ 
▁▁▁▁ 
▁▁▁▁ 
▁▁▁▁ 
▁▁▁▁ 
▁▁▁▁ 
▁▁▁▁ 
▁▁▁▁ 
▁▁▁▁ 
▁▁▁▁ 
▁▁▁▁ 
▁▁▁▁ 
▁▁▁▁ 
▁▁▁▁ 
▁▁▁▁ 
▁▁▁▁ 
▁▁▁▁ 
▁▁▁▁ 
▁▁▁▁ 
▁▁▁▁ 
▁▁▁▁ 
▁▁▁▁ 
▁▁▁▁ 
▁▁▁▁ 
▁▁▁▁ 
▁▁▁▁ 
▁▁▁▁ 
▁▁▁▁ 
▁▁▁▁ 
▁▁▁▁ 
▁▁▁▁ 
▁▁▁▁ 
▁▁▁▁ 
▁▁▁▁ 
▁▁▁▁ 
▁▁▁▁ 
▁▁▁▁ 
▁▁▁▁ 
▁▁▁▁ 
▁▁▁▁ 
▁▁▁▁ 
▁▁▁▁ 
▁▁▁▁ 
▁▁▁▁ 
▁▁▁▁
"
0.2," 
【背景】
研究助成金の対象となる研究のキーワードを特定します。
【公募情報】から、関連性の最も高い研究キーワードを5 つ、列挙してください。
研究キーワードはできるだけ短い、10 文字以下にしてください。
最後に、研究キーワードだけをスペース区切りのリストで出力してください。

【公募情報】
▁▁▁▁ 
▁▁▁▁ ""公募機関名: 八洲環境技術振興財団
▁▁▁▁ 資金種別: 助成金／寄附金
▁▁▁▁ 分野: 基礎研究、環境・地球観測、エネルギー・資源
▁▁▁▁ 件名（事業 / 助成金名）: 【八洲環境技術振興財団】2023 年度研究開発・調査助成
▁▁▁▁ 事業概要: 環境技術分野における基礎的な技術に関する下記の研究課題について、研究に従事しているか、又は具体的に研究着手の段階にあり、２～３年以内に研究の成果が期待されるものとします。
▁▁▁▁ 《研究課題》
▁▁▁▁ （1 ）再生可能エネルギー源等に関連する技術開発
▁▁▁▁ （2 ）クリーン燃料
▁▁▁▁ （3 ）エネルギーの転換、輸送、貯蔵、利用の高効率化、合理化およびそれらのシステム
▁▁▁▁ （4 ）エネルギー材料、デバイス
▁▁▁▁ （5 ）環境保全、地球温暖化防止、エネルギー利用上の技術
▁▁▁▁ （6 ）環境技術マネジメントの基礎研究
▁▁▁▁ （7 ）環境技術に関する調査研究
▁▁▁▁ （8 ）その他、環境技術に関する研究
▁▁▁▁ 
▁▁▁▁ 
▁▁▁▁ 
▁▁▁▁ 
▁▁▁▁ 
▁▁▁▁ 
▁▁▁▁ 
▁▁▁▁ 
▁▁▁▁ 
▁▁▁▁ 
▁▁▁▁ 
▁▁▁▁ 
▁▁▁▁ 
▁▁▁▁ 
▁▁▁▁ 
▁▁▁▁ 
▁▁▁▁ 
▁▁▁▁ 
▁▁▁▁ 
▁▁▁▁ 
▁▁▁▁ 
▁▁▁▁ 
▁▁▁▁ 
▁▁▁▁ 
▁▁▁▁ 
▁▁▁▁ 
▁▁▁▁ 
▁▁▁▁ 
▁▁▁▁ 
▁▁▁▁ 
▁▁▁▁ 
▁▁▁▁ 
▁▁▁▁ 
▁▁▁▁ 
▁▁▁▁ 
▁▁▁▁ 
▁▁▁▁ 
▁▁▁▁ 
▁▁▁▁ 
▁▁▁▁ 
▁▁▁▁ 
▁▁▁▁ 
▁▁▁▁ 
▁▁▁▁ 
▁▁▁▁ 
▁▁▁▁ 
▁▁▁▁ 
▁▁▁▁ 
▁▁▁▁ 
▁▁▁▁ 
▁▁▁▁ 
▁▁▁▁ 
▁▁▁▁ 
▁▁▁▁
"," 
【背景】
研究助成金の対象となる研究のキーワードを特定します。
【公募情報】から、関連性の最も高い研究キーワードを5 つ、列挙してください。
研究キーワードはできるだけ短い、10 文字以下にしてください。
最後に、研究キーワードだけをスペース区切りのリストで出力してください。

【公募情報】
▁▁▁▁ 
▁▁▁▁ ""公募機関名: 八洲環境技術振興財団
▁▁▁▁ 資金種別: 助成金／寄附金
▁▁▁▁ 分野: 基礎研究、環境・地球観測、エネルギー・資源
▁▁▁▁ 件名（事業 / 助成金名）: 【八洲環境技術振興財団】2023 年度研究開発・調査助成
▁▁▁▁ 事業概要: 環境技術分野における基礎的な技術に関する下記の研究課題について、研究に従事しているか、又は具体的に研究着手の段階にあり、２～３年以内に研究の成果が期待されるものとします。
▁▁▁▁ 《研究課題》
▁▁▁▁ （1 ）再生可能エネルギー源等に関連する技術開発
▁▁▁▁ （2 ）クリーン燃料
▁▁▁▁ （3 ）エネルギーの転換、輸送、貯蔵、利用の高効率化、合理化およびそれらのシステム
▁▁▁▁ （4 ）エネルギー材料、デバイス
▁▁▁▁ （5 ）環境保全、地球温暖化防止、エネルギー利用上の技術
▁▁▁▁ （6 ）環境技術マネジメントの基礎研究
▁▁▁▁ （7 ）環境技術に関する調査研究
▁▁▁▁ （8 ）その他、環境技術に関する研究
▁▁▁▁ 
▁▁▁▁ 
▁▁▁▁ 
▁▁▁▁ 
▁▁▁▁ 
▁▁▁▁ 
▁▁▁▁ 
▁▁▁▁ 
▁▁▁▁ 
▁▁▁▁ 
▁▁▁▁ 
▁▁▁▁ 
▁▁▁▁ 
▁▁▁▁ 
▁▁▁▁ 
▁▁▁▁ 
▁▁▁▁ 
▁▁▁▁ 
▁▁▁▁ 
▁▁▁▁ 
▁▁▁▁ 
▁▁▁▁ 
▁▁▁▁ 
▁▁▁▁ 
▁▁▁▁ 
▁▁▁▁ 
▁▁▁▁ 
▁▁▁▁ 
▁▁▁▁ 
▁▁▁▁ 
▁▁▁▁ 
▁▁▁▁ 
▁▁▁▁ 
▁▁▁▁ 
▁▁▁▁ 
▁▁▁▁ 
▁▁▁▁ 
▁▁▁▁ 
▁▁▁▁ 
▁▁▁▁ 
▁▁▁▁ 
▁▁▁▁ 
▁▁▁▁ 
▁▁▁▁ 
▁▁▁▁ 
▁▁▁▁ 
▁▁▁▁ 
▁▁▁▁ 
▁▁▁▁ 
▁▁▁▁ 
▁▁▁▁ 
▁▁▁▁ 
▁▁▁▁ 
▁▁▁▁
"," 
【背景】
研究助成金の対象となる研究のキーワードを特定します。
【公募情報】から、関連性の最も高い研究キーワードを5 つ、列挙してください。
研究キーワードはできるだけ短い、10 文字以下にしてください。
最後に、研究キーワードだけをスペース区切りのリストで出力してください。

【公募情報】
▁▁▁▁ 
▁▁▁▁ ""公募機関名: 八洲環境技術振興財団
▁▁▁▁ 資金種別: 助成金／寄附金
▁▁▁▁ 分野: 基礎研究、環境・地球観測、エネルギー・資源
▁▁▁▁ 件名（事業 / 助成金名）: 【八洲環境技術振興財団】2023 年度研究開発・調査助成
▁▁▁▁ 事業概要: 環境技術分野における基礎的な技術に関する下記の研究課題について、研究に従事しているか、又は具体的に研究着手の段階にあり、２～３年以内に研究の成果が期待されるものとします。
▁▁▁▁ 《研究課題》
▁▁▁▁ （1 ）再生可能エネルギー源等に関連する技術開発
▁▁▁▁ （2 ）クリーン燃料
▁▁▁▁ （3 ）エネルギーの転換、輸送、貯蔵、利用の高効率化、合理化およびそれらのシステム
▁▁▁▁ （4 ）エネルギー材料、デバイス
▁▁▁▁ （5 ）環境保全、地球温暖化防止、エネルギー利用上の技術
▁▁▁▁ （6 ）環境技術マネジメントの基礎研究
▁▁▁▁ （7 ）環境技術に関する調査研究
▁▁▁▁ （8 ）その他、環境技術に関する研究
▁▁▁▁ 
▁▁▁▁ 
▁▁▁▁ 
▁▁▁▁ 
▁▁▁▁ 
▁▁▁▁ 
▁▁▁▁ 
▁▁▁▁ 
▁▁▁▁ 
▁▁▁▁ 
▁▁▁▁ 
▁▁▁▁ 
▁▁▁▁ 
▁▁▁▁ 
▁▁▁▁ 
▁▁▁▁ 
▁▁▁▁ 
▁▁▁▁ 
▁▁▁▁ 
▁▁▁▁ 
▁▁▁▁ 
▁▁▁▁ 
▁▁▁▁ 
▁▁▁▁ 
▁▁▁▁ 
▁▁▁▁ 
▁▁▁▁ 
▁▁▁▁ 
▁▁▁▁ 
▁▁▁▁ 
▁▁▁▁ 
▁▁▁▁ 
▁▁▁▁ 
▁▁▁▁ 
▁▁▁▁ 
▁▁▁▁ 
▁▁▁▁ 
▁▁▁▁ 
▁▁▁▁ 
▁▁▁▁ 
▁▁▁▁ 
▁▁▁▁ 
▁▁▁▁ 
▁▁▁▁ 
▁▁▁▁ 
▁▁▁▁ 
▁▁▁▁ 
▁▁▁▁ 
▁▁▁▁ 
▁▁▁▁ 
▁▁▁▁ 
▁▁▁▁ 
▁▁▁▁ 
▁▁▁▁
"," 
【背景】
研究助成金の対象となる研究のキーワードを特定します。
【公募情報】から、関連性の最も高い研究キーワードを5 つ、列挙してください。
研究キーワードはできるだけ短い、10 文字以下にしてください。
最後に、研究キーワードだけをスペース区切りのリストで出力してください。

【公募情報】
▁▁▁▁ 
▁▁▁▁ ""公募機関名: 八洲環境技術振興財団
▁▁▁▁ 資金種別: 助成金／寄附金
▁▁▁▁ 分野: 基礎研究、環境・地球観測、エネルギー・資源
▁▁▁▁ 件名（事業 / 助成金名）: 【八洲環境技術振興財団】2023 年度研究開発・調査助成
▁▁▁▁ 事業概要: 環境技術分野における基礎的な技術に関する下記の研究課題について、研究に従事しているか、又は具体的に研究着手の段階にあり、２～３年以内に研究の成果が期待されるものとします。
▁▁▁▁ 《研究課題》
▁▁▁▁ （1 ）再生可能エネルギー源等に関連する技術開発
▁▁▁▁ （2 ）クリーン燃料
▁▁▁▁ （3 ）エネルギーの転換、輸送、貯蔵、利用の高効率化、合理化およびそれらのシステム
▁▁▁▁ （4 ）エネルギー材料、デバイス
▁▁▁▁ （5 ）環境保全、地球温暖化防止、エネルギー利用上の技術
▁▁▁▁ （6 ）環境技術マネジメントの基礎研究
▁▁▁▁ （7 ）環境技術に関する調査研究
▁▁▁▁ （8 ）その他、環境技術に関する研究
▁▁▁▁ 
▁▁▁▁ 
▁▁▁▁ 
▁▁▁▁ 
▁▁▁▁ 
▁▁▁▁ 
▁▁▁▁ 
▁▁▁▁ 
▁▁▁▁ 
▁▁▁▁ 
▁▁▁▁ 
▁▁▁▁ 
▁▁▁▁ 
▁▁▁▁ 
▁▁▁▁ 
▁▁▁▁ 
▁▁▁▁ 
▁▁▁▁ 
▁▁▁▁ 
▁▁▁▁ 
▁▁▁▁ 
▁▁▁▁ 
▁▁▁▁ 
▁▁▁▁ 
▁▁▁▁ 
▁▁▁▁ 
▁▁▁▁ 
▁▁▁▁ 
▁▁▁▁ 
▁▁▁▁ 
▁▁▁▁ 
▁▁▁▁ 
▁▁▁▁ 
▁▁▁▁ 
▁▁▁▁ 
▁▁▁▁ 
▁▁▁▁ 
▁▁▁▁ 
▁▁▁▁ 
▁▁▁▁ 
▁▁▁▁ 
▁▁▁▁ 
▁▁▁▁ 
▁▁▁▁ 
▁▁▁▁ 
▁▁▁▁ 
▁▁▁▁ 
▁▁▁▁ 
▁▁▁▁ 
▁▁▁▁ 
▁▁▁▁ 
▁▁▁▁ 
▁▁▁▁ 
▁▁▁▁
"," 
【背景】
研究助成金の対象となる研究のキーワードを特定します。
【公募情報】から、関連性の最も高い研究キーワードを5 つ、列挙してください。
研究キーワードはできるだけ短い、10 文字以下にしてください。
最後に、研究キーワードだけをスペース区切りのリストで出力してください。

【公募情報】
▁▁▁▁ 
▁▁▁▁ ""公募機関名: 八洲環境技術振興財団
▁▁▁▁ 資金種別: 助成金／寄附金
▁▁▁▁ 分野: 基礎研究、環境・地球観測、エネルギー・資源
▁▁▁▁ 件名（事業 / 助成金名）: 【八洲環境技術振興財団】2023 年度研究開発・調査助成
▁▁▁▁ 事業概要: 環境技術分野における基礎的な技術に関する下記の研究課題について、研究に従事しているか、又は具体的に研究着手の段階にあり、２～３年以内に研究の成果が期待されるものとします。
▁▁▁▁ 《研究課題》
▁▁▁▁ （1 ）再生可能エネルギー源等に関連する技術開発
▁▁▁▁ （2 ）クリーン燃料
▁▁▁▁ （3 ）エネルギーの転換、輸送、貯蔵、利用の高効率化、合理化およびそれらのシステム
▁▁▁▁ （4 ）エネルギー材料、デバイス
▁▁▁▁ （5 ）環境保全、地球温暖化防止、エネルギー利用上の技術
▁▁▁▁ （6 ）環境技術マネジメントの基礎研究
▁▁▁▁ （7 ）環境技術に関する調査研究
▁▁▁▁ （8 ）その他、環境技術に関する研究
▁▁▁▁ 
▁▁▁▁ 
▁▁▁▁ 
▁▁▁▁ 
▁▁▁▁ 
▁▁▁▁ 
▁▁▁▁ 
▁▁▁▁ 
▁▁▁▁ 
▁▁▁▁ 
▁▁▁▁ 
▁▁▁▁ 
▁▁▁▁ 
▁▁▁▁ 
▁▁▁▁ 
▁▁▁▁ 
▁▁▁▁ 
▁▁▁▁ 
▁▁▁▁ 
▁▁▁▁ 
▁▁▁▁ 
▁▁▁▁ 
▁▁▁▁ 
▁▁▁▁ 
▁▁▁▁ 
▁▁▁▁ 
▁▁▁▁ 
▁▁▁▁ 
▁▁▁▁ 
▁▁▁▁ 
▁▁▁▁ 
▁▁▁▁ 
▁▁▁▁ 
▁▁▁▁ 
▁▁▁▁ 
▁▁▁▁ 
▁▁▁▁ 
▁▁▁▁ 
▁▁▁▁ 
▁▁▁▁ 
▁▁▁▁ 
▁▁▁▁ 
▁▁▁▁ 
▁▁▁▁ 
▁▁▁▁ 
▁▁▁▁ 
▁▁▁▁ 
▁▁▁▁ 
▁▁▁▁ 
▁▁▁▁ 
▁▁▁▁ 
▁▁▁▁ 
▁▁▁▁ 
▁▁▁▁
"," 
【背景】
研究助成金の対象となる研究のキーワードを特定します。
【公募情報】から、関連性の最も高い研究キーワードを5 つ、列挙してください。
研究キーワードはできるだけ短い、10 文字以下にしてください。
最後に、研究キーワードだけをスペース区切りのリストで出力してください。

【公募情報】
▁▁▁▁ 
▁▁▁▁ ""公募機関名: 八洲環境技術振興財団
▁▁▁▁ 資金種別: 助成金／寄附金
▁▁▁▁ 分野: 基礎研究、環境・地球観測、エネルギー・資源
▁▁▁▁ 件名（事業 / 助成金名）: 【八洲環境技術振興財団】2023 年度研究開発・調査助成
▁▁▁▁ 事業概要: 環境技術分野における基礎的な技術に関する下記の研究課題について、研究に従事しているか、又は具体的に研究着手の段階にあり、２～３年以内に研究の成果が期待されるものとします。
▁▁▁▁ 《研究課題》
▁▁▁▁ （1 ）再生可能エネルギー源等に関連する技術開発
▁▁▁▁ （2 ）クリーン燃料
▁▁▁▁ （3 ）エネルギーの転換、輸送、貯蔵、利用の高効率化、合理化およびそれらのシステム
▁▁▁▁ （4 ）エネルギー材料、デバイス
▁▁▁▁ （5 ）環境保全、地球温暖化防止、エネルギー利用上の技術
▁▁▁▁ （6 ）環境技術マネジメントの基礎研究
▁▁▁▁ （7 ）環境技術に関する調査研究
▁▁▁▁ （8 ）その他、環境技術に関する研究
▁▁▁▁ 
▁▁▁▁ 
▁▁▁▁ 
▁▁▁▁ 
▁▁▁▁ 
▁▁▁▁ 
▁▁▁▁ 
▁▁▁▁ 
▁▁▁▁ 
▁▁▁▁ 
▁▁▁▁ 
▁▁▁▁ 
▁▁▁▁ 
▁▁▁▁ 
▁▁▁▁ 
▁▁▁▁ 
▁▁▁▁ 
▁▁▁▁ 
▁▁▁▁ 
▁▁▁▁ 
▁▁▁▁ 
▁▁▁▁ 
▁▁▁▁ 
▁▁▁▁ 
▁▁▁▁ 
▁▁▁▁ 
▁▁▁▁ 
▁▁▁▁ 
▁▁▁▁ 
▁▁▁▁ 
▁▁▁▁ 
▁▁▁▁ 
▁▁▁▁ 
▁▁▁▁ 
▁▁▁▁ 
▁▁▁▁ 
▁▁▁▁ 
▁▁▁▁ 
▁▁▁▁ 
▁▁▁▁ 
▁▁▁▁ 
▁▁▁▁ 
▁▁▁▁ 
▁▁▁▁ 
▁▁▁▁ 
▁▁▁▁ 
▁▁▁▁ 
▁▁▁▁ 
▁▁▁▁ 
▁▁▁▁ 
▁▁▁▁ 
▁▁▁▁ 
▁▁▁▁ 
▁▁▁▁
"," 
【背景】
研究助成金の対象となる研究のキーワードを特定します。
【公募情報】から、関連性の最も高い研究キーワードを5 つ、列挙してください。
研究キーワードはできるだけ短い、10 文字以下にしてください。
最後に、研究キーワードだけをスペース区切りのリストで出力してください。

【公募情報】
▁▁▁▁ 
▁▁▁▁ ""公募機関名: 八洲環境技術振興財団
▁▁▁▁ 資金種別: 助成金／寄附金
▁▁▁▁ 分野: 基礎研究、環境・地球観測、エネルギー・資源
▁▁▁▁ 件名（事業 / 助成金名）: 【八洲環境技術振興財団】2023 年度研究開発・調査助成
▁▁▁▁ 事業概要: 環境技術分野における基礎的な技術に関する下記の研究課題について、研究に従事しているか、又は具体的に研究着手の段階にあり、２～３年以内に研究の成果が期待されるものとします。
▁▁▁▁ 《研究課題》
▁▁▁▁ （1 ）再生可能エネルギー源等に関連する技術開発
▁▁▁▁ （2 ）クリーン燃料
▁▁▁▁ （3 ）エネルギーの転換、輸送、貯蔵、利用の高効率化、合理化およびそれらのシステム
▁▁▁▁ （4 ）エネルギー材料、デバイス
▁▁▁▁ （5 ）環境保全、地球温暖化防止、エネルギー利用上の技術
▁▁▁▁ （6 ）環境技術マネジメントの基礎研究
▁▁▁▁ （7 ）環境技術に関する調査研究
▁▁▁▁ （8 ）その他、環境技術に関する研究
▁▁▁▁ 
▁▁▁▁ 
▁▁▁▁ 
▁▁▁▁ 
▁▁▁▁ 
▁▁▁▁ 
▁▁▁▁ 
▁▁▁▁ 
▁▁▁▁ 
▁▁▁▁ 
▁▁▁▁ 
▁▁▁▁ 
▁▁▁▁ 
▁▁▁▁ 
▁▁▁▁ 
▁▁▁▁ 
▁▁▁▁ 
▁▁▁▁ 
▁▁▁▁ 
▁▁▁▁ 
▁▁▁▁ 
▁▁▁▁ 
▁▁▁▁ 
▁▁▁▁ 
▁▁▁▁ 
▁▁▁▁ 
▁▁▁▁ 
▁▁▁▁ 
▁▁▁▁ 
▁▁▁▁ 
▁▁▁▁ 
▁▁▁▁ 
▁▁▁▁ 
▁▁▁▁ 
▁▁▁▁ 
▁▁▁▁ 
▁▁▁▁ 
▁▁▁▁ 
▁▁▁▁ 
▁▁▁▁ 
▁▁▁▁ 
▁▁▁▁ 
▁▁▁▁ 
▁▁▁▁ 
▁▁▁▁ 
▁▁▁▁ 
▁▁▁▁ 
▁▁▁▁ 
▁▁▁▁ 
▁▁▁▁ 
▁▁▁▁ 
▁▁▁▁ 
▁▁▁▁ 
▁▁▁▁
"," 
【背景】
研究助成金の対象となる研究のキーワードを特定します。
【公募情報】から、関連性の最も高い研究キーワードを5 つ、列挙してください。
研究キーワードはできるだけ短い、10 文字以下にしてください。
最後に、研究キーワードだけをスペース区切りのリストで出力してください。

【公募情報】
▁▁▁▁ 
▁▁▁▁ ""公募機関名: 八洲環境技術振興財団
▁▁▁▁ 資金種別: 助成金／寄附金
▁▁▁▁ 分野: 基礎研究、環境・地球観測、エネルギー・資源
▁▁▁▁ 件名（事業 / 助成金名）: 【八洲環境技術振興財団】2023 年度研究開発・調査助成
▁▁▁▁ 事業概要: 環境技術分野における基礎的な技術に関する下記の研究課題について、研究に従事しているか、又は具体的に研究着手の段階にあり、２～３年以内に研究の成果が期待されるものとします。
▁▁▁▁ 《研究課題》
▁▁▁▁ （1 ）再生可能エネルギー源等に関連する技術開発
▁▁▁▁ （2 ）クリーン燃料
▁▁▁▁ （3 ）エネルギーの転換、輸送、貯蔵、利用の高効率化、合理化およびそれらのシステム
▁▁▁▁ （4 ）エネルギー材料、デバイス
▁▁▁▁ （5 ）環境保全、地球温暖化防止、エネルギー利用上の技術
▁▁▁▁ （6 ）環境技術マネジメントの基礎研究
▁▁▁▁ （7 ）環境技術に関する調査研究
▁▁▁▁ （8 ）その他、環境技術に関する研究
▁▁▁▁ 
▁▁▁▁ 
▁▁▁▁ 
▁▁▁▁ 
▁▁▁▁ 
▁▁▁▁ 
▁▁▁▁ 
▁▁▁▁ 
▁▁▁▁ 
▁▁▁▁ 
▁▁▁▁ 
▁▁▁▁ 
▁▁▁▁ 
▁▁▁▁ 
▁▁▁▁ 
▁▁▁▁ 
▁▁▁▁ 
▁▁▁▁ 
▁▁▁▁ 
▁▁▁▁ 
▁▁▁▁ 
▁▁▁▁ 
▁▁▁▁ 
▁▁▁▁ 
▁▁▁▁ 
▁▁▁▁ 
▁▁▁▁ 
▁▁▁▁ 
▁▁▁▁ 
▁▁▁▁ 
▁▁▁▁ 
▁▁▁▁ 
▁▁▁▁ 
▁▁▁▁ 
▁▁▁▁ 
▁▁▁▁ 
▁▁▁▁ 
▁▁▁▁ 
▁▁▁▁ 
▁▁▁▁ 
▁▁▁▁ 
▁▁▁▁ 
▁▁▁▁ 
▁▁▁▁ 
▁▁▁▁ 
▁▁▁▁ 
▁▁▁▁ 
▁▁▁▁ 
▁▁▁▁ 
▁▁▁▁ 
▁▁▁▁ 
▁▁▁▁ 
▁▁▁▁ 
▁▁▁▁
"," 
【背景】
研究助成金の対象となる研究のキーワードを特定します。
【公募情報】から、関連性の最も高い研究キーワードを5 つ、列挙してください。
研究キーワードはできるだけ短い、10 文字以下にしてください。
最後に、研究キーワードだけをスペース区切りのリストで出力してください。

【公募情報】
▁▁▁▁ 
▁▁▁▁ ""公募機関名: 八洲環境技術振興財団
▁▁▁▁ 資金種別: 助成金／寄附金
▁▁▁▁ 分野: 基礎研究、環境・地球観測、エネルギー・資源
▁▁▁▁ 件名（事業 / 助成金名）: 【八洲環境技術振興財団】2023 年度研究開発・調査助成
▁▁▁▁ 事業概要: 環境技術分野における基礎的な技術に関する下記の研究課題について、研究に従事しているか、又は具体的に研究着手の段階にあり、２～３年以内に研究の成果が期待されるものとします。
▁▁▁▁ 《研究課題》
▁▁▁▁ （1 ）再生可能エネルギー源等に関連する技術開発
▁▁▁▁ （2 ）クリーン燃料
▁▁▁▁ （3 ）エネルギーの転換、輸送、貯蔵、利用の高効率化、合理化およびそれらのシステム
▁▁▁▁ （4 ）エネルギー材料、デバイス
▁▁▁▁ （5 ）環境保全、地球温暖化防止、エネルギー利用上の技術
▁▁▁▁ （6 ）環境技術マネジメントの基礎研究
▁▁▁▁ （7 ）環境技術に関する調査研究
▁▁▁▁ （8 ）その他、環境技術に関する研究
▁▁▁▁ 
▁▁▁▁ 
▁▁▁▁ 
▁▁▁▁ 
▁▁▁▁ 
▁▁▁▁ 
▁▁▁▁ 
▁▁▁▁ 
▁▁▁▁ 
▁▁▁▁ 
▁▁▁▁ 
▁▁▁▁ 
▁▁▁▁ 
▁▁▁▁ 
▁▁▁▁ 
▁▁▁▁ 
▁▁▁▁ 
▁▁▁▁ 
▁▁▁▁ 
▁▁▁▁ 
▁▁▁▁ 
▁▁▁▁ 
▁▁▁▁ 
▁▁▁▁ 
▁▁▁▁ 
▁▁▁▁ 
▁▁▁▁ 
▁▁▁▁ 
▁▁▁▁ 
▁▁▁▁ 
▁▁▁▁ 
▁▁▁▁ 
▁▁▁▁ 
▁▁▁▁ 
▁▁▁▁ 
▁▁▁▁ 
▁▁▁▁ 
▁▁▁▁ 
▁▁▁▁ 
▁▁▁▁ 
▁▁▁▁ 
▁▁▁▁ 
▁▁▁▁ 
▁▁▁▁ 
▁▁▁▁ 
▁▁▁▁ 
▁▁▁▁ 
▁▁▁▁ 
▁▁▁▁ 
▁▁▁▁ 
▁▁▁▁ 
▁▁▁▁ 
▁▁▁▁ 
▁▁▁▁
"
0.30000000000000004," 
【背景】
研究助成金の対象となる研究のキーワードを特定します。
【公募情報】から、関連性の最も高い研究キーワードを5 つ、列挙してください。
研究キーワードはできるだけ短い、10 文字以下にしてください。
最後に、研究キーワードだけをスペース区切りのリストで出力してください。

【公募情報】
▁▁▁▁ 
▁▁▁▁ ""公募機関名: 八洲環境技術振興財団
▁▁▁▁ 資金種別: 助成金／寄附金
▁▁▁▁ 分野: 基礎研究、環境・地球観測、エネルギー・資源
▁▁▁▁ 件名（事業 / 助成金名）: 【八洲環境技術振興財団】2023 年度研究開発・調査助成
▁▁▁▁ 事業概要: 環境技術分野における基礎的な技術に関する下記の研究課題について、研究に従事しているか、又は具体的に研究着手の段階にあり、２～３年以内に研究の成果が期待されるものとします。
▁▁▁▁ 《研究課題》
▁▁▁▁ （1 ）再生可能エネルギー源等に関連する技術開発
▁▁▁▁ （2 ）クリーン燃料
▁▁▁▁ （3 ）エネルギーの転換、輸送、貯蔵、利用の高効率化、合理化およびそれらのシステム
▁▁▁▁ （4 ）エネルギー材料、デバイス
▁▁▁▁ （5 ）環境保全、地球温暖化防止、エネルギー利用上の技術
▁▁▁▁ （6 ）環境技術マネジメントの基礎研究
▁▁▁▁ （7 ）環境技術に関する調査研究
▁▁▁▁ （8 ）その他、環境技術に関する研究
▁▁▁▁ 
▁▁▁▁ 
▁▁▁▁ 
▁▁▁▁ 
▁▁▁▁ 
▁▁▁▁ 
▁▁▁▁ 
▁▁▁▁ 
▁▁▁▁ 
▁▁▁▁ 
▁▁▁▁ 
▁▁▁▁ 
▁▁▁▁ 
▁▁▁▁ 
▁▁▁▁ 
▁▁▁▁ 
▁▁▁▁ 
▁▁▁▁ 
▁▁▁▁ 
▁▁▁▁ 
▁▁▁▁ 
▁▁▁▁ 
▁▁▁▁ 
▁▁▁▁ 
▁▁▁▁ 
▁▁▁▁ 
▁▁▁▁ 
▁▁▁▁ 
▁▁▁▁ 
▁▁▁▁ 
▁▁▁▁ 
▁▁▁▁ 
▁▁▁▁ 
▁▁▁▁ 
▁▁▁▁ 
▁▁▁▁ 
▁▁▁▁ 
▁▁▁▁ 
▁▁▁▁ 
▁▁▁▁ 
▁▁▁▁ 
▁▁▁▁ 
▁▁▁▁ 
▁▁▁▁ 
▁▁▁▁ 
▁▁▁▁ 
▁▁▁▁ 
▁▁▁▁ 
▁▁▁▁ 
▁▁▁▁ 
▁▁▁▁ 
▁▁▁▁ 
▁▁▁▁ 
▁▁▁▁
"," 
【背景】
研究助成金の対象となる研究のキーワードを特定します。
【公募情報】から、関連性の最も高い研究キーワードを5 つ、列挙してください。
研究キーワードはできるだけ短い、10 文字以下にしてください。
最後に、研究キーワードだけをスペース区切りのリストで出力してください。

【公募情報】
▁▁▁▁ 
▁▁▁▁ ""公募機関名: 八洲環境技術振興財団
▁▁▁▁ 資金種別: 助成金／寄附金
▁▁▁▁ 分野: 基礎研究、環境・地球観測、エネルギー・資源
▁▁▁▁ 件名（事業 / 助成金名）: 【八洲環境技術振興財団】2023 年度研究開発・調査助成
▁▁▁▁ 事業概要: 環境技術分野における基礎的な技術に関する下記の研究課題について、研究に従事しているか、又は具体的に研究着手の段階にあり、２～３年以内に研究の成果が期待されるものとします。
▁▁▁▁ 《研究課題》
▁▁▁▁ （1 ）再生可能エネルギー源等に関連する技術開発
▁▁▁▁ （2 ）クリーン燃料
▁▁▁▁ （3 ）エネルギーの転換、輸送、貯蔵、利用の高効率化、合理化およびそれらのシステム
▁▁▁▁ （4 ）エネルギー材料、デバイス
▁▁▁▁ （5 ）環境保全、地球温暖化防止、エネルギー利用上の技術
▁▁▁▁ （6 ）環境技術マネジメントの基礎研究
▁▁▁▁ （7 ）環境技術に関する調査研究
▁▁▁▁ （8 ）その他、環境技術に関する研究
▁▁▁▁ 
▁▁▁▁ 
▁▁▁▁ 
▁▁▁▁ 
▁▁▁▁ 
▁▁▁▁ 
▁▁▁▁ 
▁▁▁▁ 
▁▁▁▁ 
▁▁▁▁ 
▁▁▁▁ 
▁▁▁▁ 
▁▁▁▁ 
▁▁▁▁ 
▁▁▁▁ 
▁▁▁▁ 
▁▁▁▁ 
▁▁▁▁ 
▁▁▁▁ 
▁▁▁▁ 
▁▁▁▁ 
▁▁▁▁ 
▁▁▁▁ 
▁▁▁▁ 
▁▁▁▁ 
▁▁▁▁ 
▁▁▁▁ 
▁▁▁▁ 
▁▁▁▁ 
▁▁▁▁ 
▁▁▁▁ 
▁▁▁▁ 
▁▁▁▁ 
▁▁▁▁ 
▁▁▁▁ 
▁▁▁▁ 
▁▁▁▁ 
▁▁▁▁ 
▁▁▁▁ 
▁▁▁▁ 
▁▁▁▁ 
▁▁▁▁ 
▁▁▁▁ 
▁▁▁▁ 
▁▁▁▁ 
▁▁▁▁ 
▁▁▁▁ 
▁▁▁▁ 
▁▁▁▁ 
▁▁▁▁ 
▁▁▁▁ 
▁▁▁▁ 
▁▁▁▁ 
▁▁▁▁
"," 
【背景】
研究助成金の対象となる研究のキーワードを特定します。
【公募情報】から、関連性の最も高い研究キーワードを5 つ、列挙してください。
研究キーワードはできるだけ短い、10 文字以下にしてください。
最後に、研究キーワードだけをスペース区切りのリストで出力してください。

【公募情報】
▁▁▁▁ 
▁▁▁▁ ""公募機関名: 八洲環境技術振興財団
▁▁▁▁ 資金種別: 助成金／寄附金
▁▁▁▁ 分野: 基礎研究、環境・地球観測、エネルギー・資源
▁▁▁▁ 件名（事業 / 助成金名）: 【八洲環境技術振興財団】2023 年度研究開発・調査助成
▁▁▁▁ 事業概要: 環境技術分野における基礎的な技術に関する下記の研究課題について、研究に従事しているか、又は具体的に研究着手の段階にあり、２～３年以内に研究の成果が期待されるものとします。
▁▁▁▁ 《研究課題》
▁▁▁▁ （1 ）再生可能エネルギー源等に関連する技術開発
▁▁▁▁ （2 ）クリーン燃料
▁▁▁▁ （3 ）エネルギーの転換、輸送、貯蔵、利用の高効率化、合理化およびそれらのシステム
▁▁▁▁ （4 ）エネルギー材料、デバイス
▁▁▁▁ （5 ）環境保全、地球温暖化防止、エネルギー利用上の技術
▁▁▁▁ （6 ）環境技術マネジメントの基礎研究
▁▁▁▁ （7 ）環境技術に関する調査研究
▁▁▁▁ （8 ）その他、環境技術に関する研究
▁▁▁▁ 
▁▁▁▁ 
▁▁▁▁ 
▁▁▁▁ 
▁▁▁▁ 
▁▁▁▁ 
▁▁▁▁ 
▁▁▁▁ 
▁▁▁▁ 
▁▁▁▁ 
▁▁▁▁ 
▁▁▁▁ 
▁▁▁▁ 
▁▁▁▁ 
▁▁▁▁ 
▁▁▁▁ 
▁▁▁▁ 
▁▁▁▁ 
▁▁▁▁ 
▁▁▁▁ 
▁▁▁▁ 
▁▁▁▁ 
▁▁▁▁ 
▁▁▁▁ 
▁▁▁▁ 
▁▁▁▁ 
▁▁▁▁ 
▁▁▁▁ 
▁▁▁▁ 
▁▁▁▁ 
▁▁▁▁ 
▁▁▁▁ 
▁▁▁▁ 
▁▁▁▁ 
▁▁▁▁ 
▁▁▁▁ 
▁▁▁▁ 
▁▁▁▁ 
▁▁▁▁ 
▁▁▁▁ 
▁▁▁▁ 
▁▁▁▁ 
▁▁▁▁ 
▁▁▁▁ 
▁▁▁▁ 
▁▁▁▁ 
▁▁▁▁ 
▁▁▁▁ 
▁▁▁▁ 
▁▁▁▁ 
▁▁▁▁ 
▁▁▁▁ 
▁▁▁▁ 
▁▁▁▁
"," 
【背景】
研究助成金の対象となる研究のキーワードを特定します。
【公募情報】から、関連性の最も高い研究キーワードを5 つ、列挙してください。
研究キーワードはできるだけ短い、10 文字以下にしてください。
最後に、研究キーワードだけをスペース区切りのリストで出力してください。

【公募情報】
▁▁▁▁ 
▁▁▁▁ ""公募機関名: 八洲環境技術振興財団
▁▁▁▁ 資金種別: 助成金／寄附金
▁▁▁▁ 分野: 基礎研究、環境・地球観測、エネルギー・資源
▁▁▁▁ 件名（事業 / 助成金名）: 【八洲環境技術振興財団】2023 年度研究開発・調査助成
▁▁▁▁ 事業概要: 環境技術分野における基礎的な技術に関する下記の研究課題について、研究に従事しているか、又は具体的に研究着手の段階にあり、２～３年以内に研究の成果が期待されるものとします。
▁▁▁▁ 《研究課題》
▁▁▁▁ （1 ）再生可能エネルギー源等に関連する技術開発
▁▁▁▁ （2 ）クリーン燃料
▁▁▁▁ （3 ）エネルギーの転換、輸送、貯蔵、利用の高効率化、合理化およびそれらのシステム
▁▁▁▁ （4 ）エネルギー材料、デバイス
▁▁▁▁ （5 ）環境保全、地球温暖化防止、エネルギー利用上の技術
▁▁▁▁ （6 ）環境技術マネジメントの基礎研究
▁▁▁▁ （7 ）環境技術に関する調査研究
▁▁▁▁ （8 ）その他、環境技術に関する研究
▁▁▁▁ 
▁▁▁▁ 
▁▁▁▁ 
▁▁▁▁ 
▁▁▁▁ 
▁▁▁▁ 
▁▁▁▁ 
▁▁▁▁ 
▁▁▁▁ 
▁▁▁▁ 
▁▁▁▁ 
▁▁▁▁ 
▁▁▁▁ 
▁▁▁▁ 
▁▁▁▁ 
▁▁▁▁ 
▁▁▁▁ 
▁▁▁▁ 
▁▁▁▁ 
▁▁▁▁ 
▁▁▁▁ 
▁▁▁▁ 
▁▁▁▁ 
▁▁▁▁ 
▁▁▁▁ 
▁▁▁▁ 
▁▁▁▁ 
▁▁▁▁ 
▁▁▁▁ 
▁▁▁▁ 
▁▁▁▁ 
▁▁▁▁ 
▁▁▁▁ 
▁▁▁▁ 
▁▁▁▁ 
▁▁▁▁ 
▁▁▁▁ 
▁▁▁▁ 
▁▁▁▁ 
▁▁▁▁ 
▁▁▁▁ 
▁▁▁▁ 
▁▁▁▁ 
▁▁▁▁ 
▁▁▁▁ 
▁▁▁▁ 
▁▁▁▁ 
▁▁▁▁ 
▁▁▁▁ 
▁▁▁▁ 
▁▁▁▁ 
▁▁▁▁ 
▁▁▁▁ 
▁▁▁▁
"," 
【背景】
研究助成金の対象となる研究のキーワードを特定します。
【公募情報】から、関連性の最も高い研究キーワードを5 つ、列挙してください。
研究キーワードはできるだけ短い、10 文字以下にしてください。
最後に、研究キーワードだけをスペース区切りのリストで出力してください。

【公募情報】
▁▁▁▁ 
▁▁▁▁ ""公募機関名: 八洲環境技術振興財団
▁▁▁▁ 資金種別: 助成金／寄附金
▁▁▁▁ 分野: 基礎研究、環境・地球観測、エネルギー・資源
▁▁▁▁ 件名（事業 / 助成金名）: 【八洲環境技術振興財団】2023 年度研究開発・調査助成
▁▁▁▁ 事業概要: 環境技術分野における基礎的な技術に関する下記の研究課題について、研究に従事しているか、又は具体的に研究着手の段階にあり、２～３年以内に研究の成果が期待されるものとします。
▁▁▁▁ 《研究課題》
▁▁▁▁ （1 ）再生可能エネルギー源等に関連する技術開発
▁▁▁▁ （2 ）クリーン燃料
▁▁▁▁ （3 ）エネルギーの転換、輸送、貯蔵、利用の高効率化、合理化およびそれらのシステム
▁▁▁▁ （4 ）エネルギー材料、デバイス
▁▁▁▁ （5 ）環境保全、地球温暖化防止、エネルギー利用上の技術
▁▁▁▁ （6 ）環境技術マネジメントの基礎研究
▁▁▁▁ （7 ）環境技術に関する調査研究
▁▁▁▁ （8 ）その他、環境技術に関する研究
▁▁▁▁ 
▁▁▁▁ 
▁▁▁▁ 
▁▁▁▁ 
▁▁▁▁ 
▁▁▁▁ 
▁▁▁▁ 
▁▁▁▁ 
▁▁▁▁ 
▁▁▁▁ 
▁▁▁▁ 
▁▁▁▁ 
▁▁▁▁ 
▁▁▁▁ 
▁▁▁▁ 
▁▁▁▁ 
▁▁▁▁ 
▁▁▁▁ 
▁▁▁▁ 
▁▁▁▁ 
▁▁▁▁ 
▁▁▁▁ 
▁▁▁▁ 
▁▁▁▁ 
▁▁▁▁ 
▁▁▁▁ 
▁▁▁▁ 
▁▁▁▁ 
▁▁▁▁ 
▁▁▁▁ 
▁▁▁▁ 
▁▁▁▁ 
▁▁▁▁ 
▁▁▁▁ 
▁▁▁▁ 
▁▁▁▁ 
▁▁▁▁ 
▁▁▁▁ 
▁▁▁▁ 
▁▁▁▁ 
▁▁▁▁ 
▁▁▁▁ 
▁▁▁▁ 
▁▁▁▁ 
▁▁▁▁ 
▁▁▁▁ 
▁▁▁▁ 
▁▁▁▁ 
▁▁▁▁ 
▁▁▁▁ 
▁▁▁▁ 
▁▁▁▁ 
▁▁▁▁ 
▁▁▁▁
"," 
【背景】
研究助成金の対象となる研究のキーワードを特定します。
【公募情報】から、関連性の最も高い研究キーワードを5 つ、列挙してください。
研究キーワードはできるだけ短い、10 文字以下にしてください。
最後に、研究キーワードだけをスペース区切りのリストで出力してください。

【公募情報】
▁▁▁▁ 
▁▁▁▁ ""公募機関名: 八洲環境技術振興財団
▁▁▁▁ 資金種別: 助成金／寄附金
▁▁▁▁ 分野: 基礎研究、環境・地球観測、エネルギー・資源
▁▁▁▁ 件名（事業 / 助成金名）: 【八洲環境技術振興財団】2023 年度研究開発・調査助成
▁▁▁▁ 事業概要: 環境技術分野における基礎的な技術に関する下記の研究課題について、研究に従事しているか、又は具体的に研究着手の段階にあり、２～３年以内に研究の成果が期待されるものとします。
▁▁▁▁ 《研究課題》
▁▁▁▁ （1 ）再生可能エネルギー源等に関連する技術開発
▁▁▁▁ （2 ）クリーン燃料
▁▁▁▁ （3 ）エネルギーの転換、輸送、貯蔵、利用の高効率化、合理化およびそれらのシステム
▁▁▁▁ （4 ）エネルギー材料、デバイス
▁▁▁▁ （5 ）環境保全、地球温暖化防止、エネルギー利用上の技術
▁▁▁▁ （6 ）環境技術マネジメントの基礎研究
▁▁▁▁ （7 ）環境技術に関する調査研究
▁▁▁▁ （8 ）その他、環境技術に関する研究
▁▁▁▁ 
▁▁▁▁ 
▁▁▁▁ 
▁▁▁▁ 
▁▁▁▁ 
▁▁▁▁ 
▁▁▁▁ 
▁▁▁▁ 
▁▁▁▁ 
▁▁▁▁ 
▁▁▁▁ 
▁▁▁▁ 
▁▁▁▁ 
▁▁▁▁ 
▁▁▁▁ 
▁▁▁▁ 
▁▁▁▁ 
▁▁▁▁ 
▁▁▁▁ 
▁▁▁▁ 
▁▁▁▁ 
▁▁▁▁ 
▁▁▁▁ 
▁▁▁▁ 
▁▁▁▁ 
▁▁▁▁ 
▁▁▁▁ 
▁▁▁▁ 
▁▁▁▁ 
▁▁▁▁ 
▁▁▁▁ 
▁▁▁▁ 
▁▁▁▁ 
▁▁▁▁ 
▁▁▁▁ 
▁▁▁▁ 
▁▁▁▁ 
▁▁▁▁ 
▁▁▁▁ 
▁▁▁▁ 
▁▁▁▁ 
▁▁▁▁ 
▁▁▁▁ 
▁▁▁▁ 
▁▁▁▁ 
▁▁▁▁ 
▁▁▁▁ 
▁▁▁▁ 
▁▁▁▁ 
▁▁▁▁ 
▁▁▁▁ 
▁▁▁▁ 
▁▁▁▁ 
▁▁▁▁
"," 
【背景】
研究助成金の対象となる研究のキーワードを特定します。
【公募情報】から、関連性の最も高い研究キーワードを5 つ、列挙してください。
研究キーワードはできるだけ短い、10 文字以下にしてください。
最後に、研究キーワードだけをスペース区切りのリストで出力してください。

【公募情報】
▁▁▁▁ 
▁▁▁▁ ""公募機関名: 八洲環境技術振興財団
▁▁▁▁ 資金種別: 助成金／寄附金
▁▁▁▁ 分野: 基礎研究、環境・地球観測、エネルギー・資源
▁▁▁▁ 件名（事業 / 助成金名）: 【八洲環境技術振興財団】2023 年度研究開発・調査助成
▁▁▁▁ 事業概要: 環境技術分野における基礎的な技術に関する下記の研究課題について、研究に従事しているか、又は具体的に研究着手の段階にあり、２～３年以内に研究の成果が期待されるものとします。
▁▁▁▁ 《研究課題》
▁▁▁▁ （1 ）再生可能エネルギー源等に関連する技術開発
▁▁▁▁ （2 ）クリーン燃料
▁▁▁▁ （3 ）エネルギーの転換、輸送、貯蔵、利用の高効率化、合理化およびそれらのシステム
▁▁▁▁ （4 ）エネルギー材料、デバイス
▁▁▁▁ （5 ）環境保全、地球温暖化防止、エネルギー利用上の技術
▁▁▁▁ （6 ）環境技術マネジメントの基礎研究
▁▁▁▁ （7 ）環境技術に関する調査研究
▁▁▁▁ （8 ）その他、環境技術に関する研究
▁▁▁▁ 
▁▁▁▁ 
▁▁▁▁ 
▁▁▁▁ 
▁▁▁▁ 
▁▁▁▁ 
▁▁▁▁ 
▁▁▁▁ 
▁▁▁▁ 
▁▁▁▁ 
▁▁▁▁ 
▁▁▁▁ 
▁▁▁▁ 
▁▁▁▁ 
▁▁▁▁ 
▁▁▁▁ 
▁▁▁▁ 
▁▁▁▁ 
▁▁▁▁ 
▁▁▁▁ 
▁▁▁▁ 
▁▁▁▁ 
▁▁▁▁ 
▁▁▁▁ 
▁▁▁▁ 
▁▁▁▁ 
▁▁▁▁ 
▁▁▁▁ 
▁▁▁▁ 
▁▁▁▁ 
▁▁▁▁ 
▁▁▁▁ 
▁▁▁▁ 
▁▁▁▁ 
▁▁▁▁ 
▁▁▁▁ 
▁▁▁▁ 
▁▁▁▁ 
▁▁▁▁ 
▁▁▁▁ 
▁▁▁▁ 
▁▁▁▁ 
▁▁▁▁ 
▁▁▁▁ 
▁▁▁▁ 
▁▁▁▁ 
▁▁▁▁ 
▁▁▁▁ 
▁▁▁▁ 
▁▁▁▁ 
▁▁▁▁ 
▁▁▁▁ 
▁▁▁▁ 
▁▁▁▁
"," 
【背景】
研究助成金の対象となる研究のキーワードを特定します。
【公募情報】から、関連性の最も高い研究キーワードを5 つ、列挙してください。
研究キーワードはできるだけ短い、10 文字以下にしてください。
最後に、研究キーワードだけをスペース区切りのリストで出力してください。

【公募情報】
▁▁▁▁ 
▁▁▁▁ ""公募機関名: 八洲環境技術振興財団
▁▁▁▁ 資金種別: 助成金／寄附金
▁▁▁▁ 分野: 基礎研究、環境・地球観測、エネルギー・資源
▁▁▁▁ 件名（事業 / 助成金名）: 【八洲環境技術振興財団】2023 年度研究開発・調査助成
▁▁▁▁ 事業概要: 環境技術分野における基礎的な技術に関する下記の研究課題について、研究に従事しているか、又は具体的に研究着手の段階にあり、２～３年以内に研究の成果が期待されるものとします。
▁▁▁▁ 《研究課題》
▁▁▁▁ （1 ）再生可能エネルギー源等に関連する技術開発
▁▁▁▁ （2 ）クリーン燃料
▁▁▁▁ （3 ）エネルギーの転換、輸送、貯蔵、利用の高効率化、合理化およびそれらのシステム
▁▁▁▁ （4 ）エネルギー材料、デバイス
▁▁▁▁ （5 ）環境保全、地球温暖化防止、エネルギー利用上の技術
▁▁▁▁ （6 ）環境技術マネジメントの基礎研究
▁▁▁▁ （7 ）環境技術に関する調査研究
▁▁▁▁ （8 ）その他、環境技術に関する研究
▁▁▁▁ 
▁▁▁▁ 
▁▁▁▁ 
▁▁▁▁ 
▁▁▁▁ 
▁▁▁▁ 
▁▁▁▁ 
▁▁▁▁ 
▁▁▁▁ 
▁▁▁▁ 
▁▁▁▁ 
▁▁▁▁ 
▁▁▁▁ 
▁▁▁▁ 
▁▁▁▁ 
▁▁▁▁ 
▁▁▁▁ 
▁▁▁▁ 
▁▁▁▁ 
▁▁▁▁ 
▁▁▁▁ 
▁▁▁▁ 
▁▁▁▁ 
▁▁▁▁ 
▁▁▁▁ 
▁▁▁▁ 
▁▁▁▁ 
▁▁▁▁ 
▁▁▁▁ 
▁▁▁▁ 
▁▁▁▁ 
▁▁▁▁ 
▁▁▁▁ 
▁▁▁▁ 
▁▁▁▁ 
▁▁▁▁ 
▁▁▁▁ 
▁▁▁▁ 
▁▁▁▁ 
▁▁▁▁ 
▁▁▁▁ 
▁▁▁▁ 
▁▁▁▁ 
▁▁▁▁ 
▁▁▁▁ 
▁▁▁▁ 
▁▁▁▁ 
▁▁▁▁ 
▁▁▁▁ 
▁▁▁▁ 
▁▁▁▁ 
▁▁▁▁ 
▁▁▁▁ 
▁▁▁▁
"," 
【背景】
研究助成金の対象となる研究のキーワードを特定します。
【公募情報】から、関連性の最も高い研究キーワードを5 つ、列挙してください。
研究キーワードはできるだけ短い、10 文字以下にしてください。
最後に、研究キーワードだけをスペース区切りのリストで出力してください。

【公募情報】
▁▁▁▁ 
▁▁▁▁ ""公募機関名: 八洲環境技術振興財団
▁▁▁▁ 資金種別: 助成金／寄附金
▁▁▁▁ 分野: 基礎研究、環境・地球観測、エネルギー・資源
▁▁▁▁ 件名（事業 / 助成金名）: 【八洲環境技術振興財団】2023 年度研究開発・調査助成
▁▁▁▁ 事業概要: 環境技術分野における基礎的な技術に関する下記の研究課題について、研究に従事しているか、又は具体的に研究着手の段階にあり、２～３年以内に研究の成果が期待されるものとします。
▁▁▁▁ 《研究課題》
▁▁▁▁ （1 ）再生可能エネルギー源等に関連する技術開発
▁▁▁▁ （2 ）クリーン燃料
▁▁▁▁ （3 ）エネルギーの転換、輸送、貯蔵、利用の高効率化、合理化およびそれらのシステム
▁▁▁▁ （4 ）エネルギー材料、デバイス
▁▁▁▁ （5 ）環境保全、地球温暖化防止、エネルギー利用上の技術
▁▁▁▁ （6 ）環境技術マネジメントの基礎研究
▁▁▁▁ （7 ）環境技術に関する調査研究
▁▁▁▁ （8 ）その他、環境技術に関する研究
▁▁▁▁ 
▁▁▁▁ 
▁▁▁▁ 
▁▁▁▁ 
▁▁▁▁ 
▁▁▁▁ 
▁▁▁▁ 
▁▁▁▁ 
▁▁▁▁ 
▁▁▁▁ 
▁▁▁▁ 
▁▁▁▁ 
▁▁▁▁ 
▁▁▁▁ 
▁▁▁▁ 
▁▁▁▁ 
▁▁▁▁ 
▁▁▁▁ 
▁▁▁▁ 
▁▁▁▁ 
▁▁▁▁ 
▁▁▁▁ 
▁▁▁▁ 
▁▁▁▁ 
▁▁▁▁ 
▁▁▁▁ 
▁▁▁▁ 
▁▁▁▁ 
▁▁▁▁ 
▁▁▁▁ 
▁▁▁▁ 
▁▁▁▁ 
▁▁▁▁ 
▁▁▁▁ 
▁▁▁▁ 
▁▁▁▁ 
▁▁▁▁ 
▁▁▁▁ 
▁▁▁▁ 
▁▁▁▁ 
▁▁▁▁ 
▁▁▁▁ 
▁▁▁▁ 
▁▁▁▁ 
▁▁▁▁ 
▁▁▁▁ 
▁▁▁▁ 
▁▁▁▁ 
▁▁▁▁ 
▁▁▁▁ 
▁▁▁▁ 
▁▁▁▁ 
▁▁▁▁ 
▁▁▁▁
"
0.4," 
【背景】
研究助成金の対象となる研究のキーワードを特定します。
【公募情報】から、関連性の最も高い研究キーワードを5 つ、列挙してください。
研究キーワードはできるだけ短い、10 文字以下にしてください。
最後に、研究キーワードだけをスペース区切りのリストで出力してください。

【公募情報】
▁▁▁▁ 
▁▁▁▁ ""公募機関名: 八洲環境技術振興財団
▁▁▁▁ 資金種別: 助成金／寄附金
▁▁▁▁ 分野: 基礎研究、環境・地球観測、エネルギー・資源
▁▁▁▁ 件名（事業 / 助成金名）: 【八洲環境技術振興財団】2023 年度研究開発・調査助成
▁▁▁▁ 事業概要: 環境技術分野における基礎的な技術に関する下記の研究課題について、研究に従事しているか、又は具体的に研究着手の段階にあり、２～３年以内に研究の成果が期待されるものとします。
▁▁▁▁ 《研究課題》
▁▁▁▁ （1 ）再生可能エネルギー源等に関連する技術開発
▁▁▁▁ （2 ）クリーン燃料
▁▁▁▁ （3 ）エネルギーの転換、輸送、貯蔵、利用の高効率化、合理化およびそれらのシステム
▁▁▁▁ （4 ）エネルギー材料、デバイス
▁▁▁▁ （5 ）環境保全、地球温暖化防止、エネルギー利用上の技術
▁▁▁▁ （6 ）環境技術マネジメントの基礎研究
▁▁▁▁ （7 ）環境技術に関する調査研究
▁▁▁▁ （8 ）その他、環境技術に関する研究
▁▁▁▁ 
▁▁▁▁ 
▁▁▁▁ 
▁▁▁▁ 
▁▁▁▁ 
▁▁▁▁ 
▁▁▁▁ 
▁▁▁▁ 
▁▁▁▁ 
▁▁▁▁ 
▁▁▁▁ 
▁▁▁▁ 
▁▁▁▁ 
▁▁▁▁ 
▁▁▁▁ 
▁▁▁▁ 
▁▁▁▁ 
▁▁▁▁ 
▁▁▁▁ 
▁▁▁▁ 
▁▁▁▁ 
▁▁▁▁ 
▁▁▁▁ 
▁▁▁▁ 
▁▁▁▁ 
▁▁▁▁ 
▁▁▁▁ 
▁▁▁▁ 
▁▁▁▁ 
▁▁▁▁ 
▁▁▁▁ 
▁▁▁▁ 
▁▁▁▁ 
▁▁▁▁ 
▁▁▁▁ 
▁▁▁▁ 
▁▁▁▁ 
▁▁▁▁ 
▁▁▁▁ 
▁▁▁▁ 
▁▁▁▁ 
▁▁▁▁ 
▁▁▁▁ 
▁▁▁▁ 
▁▁▁▁ 
▁▁▁▁ 
▁▁▁▁ 
▁▁▁▁ 
▁▁▁▁ 
▁▁▁▁ 
▁▁▁▁ 
▁▁▁▁ 
▁▁▁▁ 
▁▁▁▁
"," 
【背景】
研究助成金の対象となる研究のキーワードを特定します。
【公募情報】から、関連性の最も高い研究キーワードを5 つ、列挙してください。
研究キーワードはできるだけ短い、10 文字以下にしてください。
最後に、研究キーワードだけをスペース区切りのリストで出力してください。

【公募情報】
▁▁▁▁ 
▁▁▁▁ ""公募機関名: 八洲環境技術振興財団
▁▁▁▁ 資金種別: 助成金／寄附金
▁▁▁▁ 分野: 基礎研究、環境・地球観測、エネルギー・資源
▁▁▁▁ 件名（事業 / 助成金名）: 【八洲環境技術振興財団】2023 年度研究開発・調査助成
▁▁▁▁ 事業概要: 環境技術分野における基礎的な技術に関する下記の研究課題について、研究に従事しているか、又は具体的に研究着手の段階にあり、２～３年以内に研究の成果が期待されるものとします。
▁▁▁▁ 《研究課題》
▁▁▁▁ （1 ）再生可能エネルギー源等に関連する技術開発
▁▁▁▁ （2 ）クリーン燃料
▁▁▁▁ （3 ）エネルギーの転換、輸送、貯蔵、利用の高効率化、合理化およびそれらのシステム
▁▁▁▁ （4 ）エネルギー材料、デバイス
▁▁▁▁ （5 ）環境保全、地球温暖化防止、エネルギー利用上の技術
▁▁▁▁ （6 ）環境技術マネジメントの基礎研究
▁▁▁▁ （7 ）環境技術に関する調査研究
▁▁▁▁ （8 ）その他、環境技術に関する研究
▁▁▁▁ 
▁▁▁▁ 
▁▁▁▁ 
▁▁▁▁ 
▁▁▁▁ 
▁▁▁▁ 
▁▁▁▁ 
▁▁▁▁ 
▁▁▁▁ 
▁▁▁▁ 
▁▁▁▁ 
▁▁▁▁ 
▁▁▁▁ 
▁▁▁▁ 
▁▁▁▁ 
▁▁▁▁ 
▁▁▁▁ 
▁▁▁▁ 
▁▁▁▁ 
▁▁▁▁ 
▁▁▁▁ 
▁▁▁▁ 
▁▁▁▁ 
▁▁▁▁ 
▁▁▁▁ 
▁▁▁▁ 
▁▁▁▁ 
▁▁▁▁ 
▁▁▁▁ 
▁▁▁▁ 
▁▁▁▁ 
▁▁▁▁ 
▁▁▁▁ 
▁▁▁▁ 
▁▁▁▁ 
▁▁▁▁ 
▁▁▁▁ 
▁▁▁▁ 
▁▁▁▁ 
▁▁▁▁ 
▁▁▁▁ 
▁▁▁▁ 
▁▁▁▁ 
▁▁▁▁ 
▁▁▁▁ 
▁▁▁▁ 
▁▁▁▁ 
▁▁▁▁ 
▁▁▁▁ 
▁▁▁▁ 
▁▁▁▁ 
▁▁▁▁ 
▁▁▁▁ 
▁▁▁▁
"," 
【背景】
研究助成金の対象となる研究のキーワードを特定します。
【公募情報】から、関連性の最も高い研究キーワードを5 つ、列挙してください。
研究キーワードはできるだけ短い、10 文字以下にしてください。
最後に、研究キーワードだけをスペース区切りのリストで出力してください。

【公募情報】
▁▁▁▁ 
▁▁▁▁ ""公募機関名: 八洲環境技術振興財団
▁▁▁▁ 資金種別: 助成金／寄附金
▁▁▁▁ 分野: 基礎研究、環境・地球観測、エネルギー・資源
▁▁▁▁ 件名（事業 / 助成金名）: 【八洲環境技術振興財団】2023 年度研究開発・調査助成
▁▁▁▁ 事業概要: 環境技術分野における基礎的な技術に関する下記の研究課題について、研究に従事しているか、又は具体的に研究着手の段階にあり、２～３年以内に研究の成果が期待されるものとします。
▁▁▁▁ 《研究課題》
▁▁▁▁ （1 ）再生可能エネルギー源等に関連する技術開発
▁▁▁▁ （2 ）クリーン燃料
▁▁▁▁ （3 ）エネルギーの転換、輸送、貯蔵、利用の高効率化、合理化およびそれらのシステム
▁▁▁▁ （4 ）エネルギー材料、デバイス
▁▁▁▁ （5 ）環境保全、地球温暖化防止、エネルギー利用上の技術
▁▁▁▁ （6 ）環境技術マネジメントの基礎研究
▁▁▁▁ （7 ）環境技術に関する調査研究
▁▁▁▁ （8 ）その他、環境技術に関する研究
▁▁▁▁ 
▁▁▁▁ 
▁▁▁▁ 
▁▁▁▁ 
▁▁▁▁ 
▁▁▁▁ 
▁▁▁▁ 
▁▁▁▁ 
▁▁▁▁ 
▁▁▁▁ 
▁▁▁▁ 
▁▁▁▁ 
▁▁▁▁ 
▁▁▁▁ 
▁▁▁▁ 
▁▁▁▁ 
▁▁▁▁ 
▁▁▁▁ 
▁▁▁▁ 
▁▁▁▁ 
▁▁▁▁ 
▁▁▁▁ 
▁▁▁▁ 
▁▁▁▁ 
▁▁▁▁ 
▁▁▁▁ 
▁▁▁▁ 
▁▁▁▁ 
▁▁▁▁ 
▁▁▁▁ 
▁▁▁▁ 
▁▁▁▁ 
▁▁▁▁ 
▁▁▁▁ 
▁▁▁▁ 
▁▁▁▁ 
▁▁▁▁ 
▁▁▁▁ 
▁▁▁▁ 
▁▁▁▁ 
▁▁▁▁ 
▁▁▁▁ 
▁▁▁▁ 
▁▁▁▁ 
▁▁▁▁ 
▁▁▁▁ 
▁▁▁▁ 
▁▁▁▁ 
▁▁▁▁ 
▁▁▁▁ 
▁▁▁▁ 
▁▁▁▁ 
▁▁▁▁ 
▁▁▁▁
"," 
【背景】
研究助成金の対象となる研究のキーワードを特定します。
【公募情報】から、関連性の最も高い研究キーワードを5 つ、列挙してください。
研究キーワードはできるだけ短い、10 文字以下にしてください。
最後に、研究キーワードだけをスペース区切りのリストで出力してください。

【公募情報】
▁▁▁▁ 
▁▁▁▁ ""公募機関名: 八洲環境技術振興財団
▁▁▁▁ 資金種別: 助成金／寄附金
▁▁▁▁ 分野: 基礎研究、環境・地球観測、エネルギー・資源
▁▁▁▁ 件名（事業 / 助成金名）: 【八洲環境技術振興財団】2023 年度研究開発・調査助成
▁▁▁▁ 事業概要: 環境技術分野における基礎的な技術に関する下記の研究課題について、研究に従事しているか、又は具体的に研究着手の段階にあり、２～３年以内に研究の成果が期待されるものとします。
▁▁▁▁ 《研究課題》
▁▁▁▁ （1 ）再生可能エネルギー源等に関連する技術開発
▁▁▁▁ （2 ）クリーン燃料
▁▁▁▁ （3 ）エネルギーの転換、輸送、貯蔵、利用の高効率化、合理化およびそれらのシステム
▁▁▁▁ （4 ）エネルギー材料、デバイス
▁▁▁▁ （5 ）環境保全、地球温暖化防止、エネルギー利用上の技術
▁▁▁▁ （6 ）環境技術マネジメントの基礎研究
▁▁▁▁ （7 ）環境技術に関する調査研究
▁▁▁▁ （8 ）その他、環境技術に関する研究
▁▁▁▁ 
▁▁▁▁ 
▁▁▁▁ 
▁▁▁▁ 
▁▁▁▁ 
▁▁▁▁ 
▁▁▁▁ 
▁▁▁▁ 
▁▁▁▁ 
▁▁▁▁ 
▁▁▁▁ 
▁▁▁▁ 
▁▁▁▁ 
▁▁▁▁ 
▁▁▁▁ 
▁▁▁▁ 
▁▁▁▁ 
▁▁▁▁ 
▁▁▁▁ 
▁▁▁▁ 
▁▁▁▁ 
▁▁▁▁ 
▁▁▁▁ 
▁▁▁▁ 
▁▁▁▁ 
▁▁▁▁ 
▁▁▁▁ 
▁▁▁▁ 
▁▁▁▁ 
▁▁▁▁ 
▁▁▁▁ 
▁▁▁▁ 
▁▁▁▁ 
▁▁▁▁ 
▁▁▁▁ 
▁▁▁▁ 
▁▁▁▁ 
▁▁▁▁ 
▁▁▁▁ 
▁▁▁▁ 
▁▁▁▁ 
▁▁▁▁ 
▁▁▁▁ 
▁▁▁▁ 
▁▁▁▁ 
▁▁▁▁ 
▁▁▁▁ 
▁▁▁▁ 
▁▁▁▁ 
▁▁▁▁ 
▁▁▁▁ 
▁▁▁▁ 
▁▁▁▁ 
▁▁▁▁
"," 
【背景】
研究助成金の対象となる研究のキーワードを特定します。
【公募情報】から、関連性の最も高い研究キーワードを5 つ、列挙してください。
研究キーワードはできるだけ短い、10 文字以下にしてください。
最後に、研究キーワードだけをスペース区切りのリストで出力してください。

【公募情報】
▁▁▁▁ 
▁▁▁▁ ""公募機関名: 八洲環境技術振興財団
▁▁▁▁ 資金種別: 助成金／寄附金
▁▁▁▁ 分野: 基礎研究、環境・地球観測、エネルギー・資源
▁▁▁▁ 件名（事業 / 助成金名）: 【八洲環境技術振興財団】2023 年度研究開発・調査助成
▁▁▁▁ 事業概要: 環境技術分野における基礎的な技術に関する下記の研究課題について、研究に従事しているか、又は具体的に研究着手の段階にあり、２～３年以内に研究の成果が期待されるものとします。
▁▁▁▁ 《研究課題》
▁▁▁▁ （1 ）再生可能エネルギー源等に関連する技術開発
▁▁▁▁ （2 ）クリーン燃料
▁▁▁▁ （3 ）エネルギーの転換、輸送、貯蔵、利用の高効率化、合理化およびそれらのシステム
▁▁▁▁ （4 ）エネルギー材料、デバイス
▁▁▁▁ （5 ）環境保全、地球温暖化防止、エネルギー利用上の技術
▁▁▁▁ （6 ）環境技術マネジメントの基礎研究
▁▁▁▁ （7 ）環境技術に関する調査研究
▁▁▁▁ （8 ）その他、環境技術に関する研究
▁▁▁▁ 
▁▁▁▁ 
▁▁▁▁ 
▁▁▁▁ 
▁▁▁▁ 
▁▁▁▁ 
▁▁▁▁ 
▁▁▁▁ 
▁▁▁▁ 
▁▁▁▁ 
▁▁▁▁ 
▁▁▁▁ 
▁▁▁▁ 
▁▁▁▁ 
▁▁▁▁ 
▁▁▁▁ 
▁▁▁▁ 
▁▁▁▁ 
▁▁▁▁ 
▁▁▁▁ 
▁▁▁▁ 
▁▁▁▁ 
▁▁▁▁ 
▁▁▁▁ 
▁▁▁▁ 
▁▁▁▁ 
▁▁▁▁ 
▁▁▁▁ 
▁▁▁▁ 
▁▁▁▁ 
▁▁▁▁ 
▁▁▁▁ 
▁▁▁▁ 
▁▁▁▁ 
▁▁▁▁ 
▁▁▁▁ 
▁▁▁▁ 
▁▁▁▁ 
▁▁▁▁ 
▁▁▁▁ 
▁▁▁▁ 
▁▁▁▁ 
▁▁▁▁ 
▁▁▁▁ 
▁▁▁▁ 
▁▁▁▁ 
▁▁▁▁ 
▁▁▁▁ 
▁▁▁▁ 
▁▁▁▁ 
▁▁▁▁ 
▁▁▁▁ 
▁▁▁▁ 
▁▁▁▁
"," 
【背景】
研究助成金の対象となる研究のキーワードを特定します。
【公募情報】から、関連性の最も高い研究キーワードを5 つ、列挙してください。
研究キーワードはできるだけ短い、10 文字以下にしてください。
最後に、研究キーワードだけをスペース区切りのリストで出力してください。

【公募情報】
▁▁▁▁ 
▁▁▁▁ ""公募機関名: 八洲環境技術振興財団
▁▁▁▁ 資金種別: 助成金／寄附金
▁▁▁▁ 分野: 基礎研究、環境・地球観測、エネルギー・資源
▁▁▁▁ 件名（事業 / 助成金名）: 【八洲環境技術振興財団】2023 年度研究開発・調査助成
▁▁▁▁ 事業概要: 環境技術分野における基礎的な技術に関する下記の研究課題について、研究に従事しているか、又は具体的に研究着手の段階にあり、２～３年以内に研究の成果が期待されるものとします。
▁▁▁▁ 《研究課題》
▁▁▁▁ （1 ）再生可能エネルギー源等に関連する技術開発
▁▁▁▁ （2 ）クリーン燃料
▁▁▁▁ （3 ）エネルギーの転換、輸送、貯蔵、利用の高効率化、合理化およびそれらのシステム
▁▁▁▁ （4 ）エネルギー材料、デバイス
▁▁▁▁ （5 ）環境保全、地球温暖化防止、エネルギー利用上の技術
▁▁▁▁ （6 ）環境技術マネジメントの基礎研究
▁▁▁▁ （7 ）環境技術に関する調査研究
▁▁▁▁ （8 ）その他、環境技術に関する研究
▁▁▁▁ 
▁▁▁▁ 
▁▁▁▁ 
▁▁▁▁ 
▁▁▁▁ 
▁▁▁▁ 
▁▁▁▁ 
▁▁▁▁ 
▁▁▁▁ 
▁▁▁▁ 
▁▁▁▁ 
▁▁▁▁ 
▁▁▁▁ 
▁▁▁▁ 
▁▁▁▁ 
▁▁▁▁ 
▁▁▁▁ 
▁▁▁▁ 
▁▁▁▁ 
▁▁▁▁ 
▁▁▁▁ 
▁▁▁▁ 
▁▁▁▁ 
▁▁▁▁ 
▁▁▁▁ 
▁▁▁▁ 
▁▁▁▁ 
▁▁▁▁ 
▁▁▁▁ 
▁▁▁▁ 
▁▁▁▁ 
▁▁▁▁ 
▁▁▁▁ 
▁▁▁▁ 
▁▁▁▁ 
▁▁▁▁ 
▁▁▁▁ 
▁▁▁▁ 
▁▁▁▁ 
▁▁▁▁ 
▁▁▁▁ 
▁▁▁▁ 
▁▁▁▁ 
▁▁▁▁ 
▁▁▁▁ 
▁▁▁▁ 
▁▁▁▁ 
▁▁▁▁ 
▁▁▁▁ 
▁▁▁▁ 
▁▁▁▁ 
▁▁▁▁ 
▁▁▁▁ 
▁▁▁▁
"," 
【背景】
研究助成金の対象となる研究のキーワードを特定します。
【公募情報】から、関連性の最も高い研究キーワードを5 つ、列挙してください。
研究キーワードはできるだけ短い、10 文字以下にしてください。
最後に、研究キーワードだけをスペース区切りのリストで出力してください。

【公募情報】
▁▁▁▁ 
▁▁▁▁ ""公募機関名: 八洲環境技術振興財団
▁▁▁▁ 資金種別: 助成金／寄附金
▁▁▁▁ 分野: 基礎研究、環境・地球観測、エネルギー・資源
▁▁▁▁ 件名（事業 / 助成金名）: 【八洲環境技術振興財団】2023 年度研究開発・調査助成
▁▁▁▁ 事業概要: 環境技術分野における基礎的な技術に関する下記の研究課題について、研究に従事しているか、又は具体的に研究着手の段階にあり、２～３年以内に研究の成果が期待されるものとします。
▁▁▁▁ 《研究課題》
▁▁▁▁ （1 ）再生可能エネルギー源等に関連する技術開発
▁▁▁▁ （2 ）クリーン燃料
▁▁▁▁ （3 ）エネルギーの転換、輸送、貯蔵、利用の高効率化、合理化およびそれらのシステム
▁▁▁▁ （4 ）エネルギー材料、デバイス
▁▁▁▁ （5 ）環境保全、地球温暖化防止、エネルギー利用上の技術
▁▁▁▁ （6 ）環境技術マネジメントの基礎研究
▁▁▁▁ （7 ）環境技術に関する調査研究
▁▁▁▁ （8 ）その他、環境技術に関する研究
▁▁▁▁ 
▁▁▁▁ 
▁▁▁▁ 
▁▁▁▁ 
▁▁▁▁ 
▁▁▁▁ 
▁▁▁▁ 
▁▁▁▁ 
▁▁▁▁ 
▁▁▁▁ 
▁▁▁▁ 
▁▁▁▁ 
▁▁▁▁ 
▁▁▁▁ 
▁▁▁▁ 
▁▁▁▁ 
▁▁▁▁ 
▁▁▁▁ 
▁▁▁▁ 
▁▁▁▁ 
▁▁▁▁ 
▁▁▁▁ 
▁▁▁▁ 
▁▁▁▁ 
▁▁▁▁ 
▁▁▁▁ 
▁▁▁▁ 
▁▁▁▁ 
▁▁▁▁ 
▁▁▁▁ 
▁▁▁▁ 
▁▁▁▁ 
▁▁▁▁ 
▁▁▁▁ 
▁▁▁▁ 
▁▁▁▁ 
▁▁▁▁ 
▁▁▁▁ 
▁▁▁▁ 
▁▁▁▁ 
▁▁▁▁ 
▁▁▁▁ 
▁▁▁▁ 
▁▁▁▁ 
▁▁▁▁ 
▁▁▁▁ 
▁▁▁▁ 
▁▁▁▁ 
▁▁▁▁ 
▁▁▁▁ 
▁▁▁▁ 
▁▁▁▁ 
▁▁▁▁ 
▁▁▁▁
"," 
【背景】
研究助成金の対象となる研究のキーワードを特定します。
【公募情報】から、関連性の最も高い研究キーワードを5 つ、列挙してください。
研究キーワードはできるだけ短い、10 文字以下にしてください。
最後に、研究キーワードだけをスペース区切りのリストで出力してください。

【公募情報】
▁▁▁▁ 
▁▁▁▁ ""公募機関名: 八洲環境技術振興財団
▁▁▁▁ 資金種別: 助成金／寄附金
▁▁▁▁ 分野: 基礎研究、環境・地球観測、エネルギー・資源
▁▁▁▁ 件名（事業 / 助成金名）: 【八洲環境技術振興財団】2023 年度研究開発・調査助成
▁▁▁▁ 事業概要: 環境技術分野における基礎的な技術に関する下記の研究課題について、研究に従事しているか、又は具体的に研究着手の段階にあり、２～３年以内に研究の成果が期待されるものとします。
▁▁▁▁ 《研究課題》
▁▁▁▁ （1 ）再生可能エネルギー源等に関連する技術開発
▁▁▁▁ （2 ）クリーン燃料
▁▁▁▁ （3 ）エネルギーの転換、輸送、貯蔵、利用の高効率化、合理化およびそれらのシステム
▁▁▁▁ （4 ）エネルギー材料、デバイス
▁▁▁▁ （5 ）環境保全、地球温暖化防止、エネルギー利用上の技術
▁▁▁▁ （6 ）環境技術マネジメントの基礎研究
▁▁▁▁ （7 ）環境技術に関する調査研究
▁▁▁▁ （8 ）その他、環境技術に関する研究
▁▁▁▁ 
▁▁▁▁ 
▁▁▁▁ 
▁▁▁▁ 
▁▁▁▁ 
▁▁▁▁ 
▁▁▁▁ 
▁▁▁▁ 
▁▁▁▁ 
▁▁▁▁ 
▁▁▁▁ 
▁▁▁▁ 
▁▁▁▁ 
▁▁▁▁ 
▁▁▁▁ 
▁▁▁▁ 
▁▁▁▁ 
▁▁▁▁ 
▁▁▁▁ 
▁▁▁▁ 
▁▁▁▁ 
▁▁▁▁ 
▁▁▁▁ 
▁▁▁▁ 
▁▁▁▁ 
▁▁▁▁ 
▁▁▁▁ 
▁▁▁▁ 
▁▁▁▁ 
▁▁▁▁ 
▁▁▁▁ 
▁▁▁▁ 
▁▁▁▁ 
▁▁▁▁ 
▁▁▁▁ 
▁▁▁▁ 
▁▁▁▁ 
▁▁▁▁ 
▁▁▁▁ 
▁▁▁▁ 
▁▁▁▁ 
▁▁▁▁ 
▁▁▁▁ 
▁▁▁▁ 
▁▁▁▁ 
▁▁▁▁ 
▁▁▁▁ 
▁▁▁▁ 
▁▁▁▁ 
▁▁▁▁ 
▁▁▁▁ 
▁▁▁▁ 
▁▁▁▁ 
▁▁▁▁
"," 
【背景】
研究助成金の対象となる研究のキーワードを特定します。
【公募情報】から、関連性の最も高い研究キーワードを5 つ、列挙してください。
研究キーワードはできるだけ短い、10 文字以下にしてください。
最後に、研究キーワードだけをスペース区切りのリストで出力してください。

【公募情報】
▁▁▁▁ 
▁▁▁▁ ""公募機関名: 八洲環境技術振興財団
▁▁▁▁ 資金種別: 助成金／寄附金
▁▁▁▁ 分野: 基礎研究、環境・地球観測、エネルギー・資源
▁▁▁▁ 件名（事業 / 助成金名）: 【八洲環境技術振興財団】2023 年度研究開発・調査助成
▁▁▁▁ 事業概要: 環境技術分野における基礎的な技術に関する下記の研究課題について、研究に従事しているか、又は具体的に研究着手の段階にあり、２～３年以内に研究の成果が期待されるものとします。
▁▁▁▁ 《研究課題》
▁▁▁▁ （1 ）再生可能エネルギー源等に関連する技術開発
▁▁▁▁ （2 ）クリーン燃料
▁▁▁▁ （3 ）エネルギーの転換、輸送、貯蔵、利用の高効率化、合理化およびそれらのシステム
▁▁▁▁ （4 ）エネルギー材料、デバイス
▁▁▁▁ （5 ）環境保全、地球温暖化防止、エネルギー利用上の技術
▁▁▁▁ （6 ）環境技術マネジメントの基礎研究
▁▁▁▁ （7 ）環境技術に関する調査研究
▁▁▁▁ （8 ）その他、環境技術に関する研究
▁▁▁▁ 
▁▁▁▁ 
▁▁▁▁ 
▁▁▁▁ 
▁▁▁▁ 
▁▁▁▁ 
▁▁▁▁ 
▁▁▁▁ 
▁▁▁▁ 
▁▁▁▁ 
▁▁▁▁ 
▁▁▁▁ 
▁▁▁▁ 
▁▁▁▁ 
▁▁▁▁ 
▁▁▁▁ 
▁▁▁▁ 
▁▁▁▁ 
▁▁▁▁ 
▁▁▁▁ 
▁▁▁▁ 
▁▁▁▁ 
▁▁▁▁ 
▁▁▁▁ 
▁▁▁▁ 
▁▁▁▁ 
▁▁▁▁ 
▁▁▁▁ 
▁▁▁▁ 
▁▁▁▁ 
▁▁▁▁ 
▁▁▁▁ 
▁▁▁▁ 
▁▁▁▁ 
▁▁▁▁ 
▁▁▁▁ 
▁▁▁▁ 
▁▁▁▁ 
▁▁▁▁ 
▁▁▁▁ 
▁▁▁▁ 
▁▁▁▁ 
▁▁▁▁ 
▁▁▁▁ 
▁▁▁▁ 
▁▁▁▁ 
▁▁▁▁ 
▁▁▁▁ 
▁▁▁▁ 
▁▁▁▁ 
▁▁▁▁ 
▁▁▁▁ 
▁▁▁▁ 
▁▁▁▁
"
0.5," 
【背景】
研究助成金の対象となる研究のキーワードを特定します。
【公募情報】から、関連性の最も高い研究キーワードを5 つ、列挙してください。
研究キーワードはできるだけ短い、10 文字以下にしてください。
最後に、研究キーワードだけをスペース区切りのリストで出力してください。

【公募情報】
▁▁▁▁ 
▁▁▁▁ ""公募機関名: 八洲環境技術振興財団
▁▁▁▁ 資金種別: 助成金／寄附金
▁▁▁▁ 分野: 基礎研究、環境・地球観測、エネルギー・資源
▁▁▁▁ 件名（事業 / 助成金名）: 【八洲環境技術振興財団】2023 年度研究開発・調査助成
▁▁▁▁ 事業概要: 環境技術分野における基礎的な技術に関する下記の研究課題について、研究に従事しているか、又は具体的に研究着手の段階にあり、２～３年以内に研究の成果が期待されるものとします。
▁▁▁▁ 《研究課題》
▁▁▁▁ （1 ）再生可能エネルギー源等に関連する技術開発
▁▁▁▁ （2 ）クリーン燃料
▁▁▁▁ （3 ）エネルギーの転換、輸送、貯蔵、利用の高効率化、合理化およびそれらのシステム
▁▁▁▁ （4 ）エネルギー材料、デバイス
▁▁▁▁ （5 ）環境保全、地球温暖化防止、エネルギー利用上の技術
▁▁▁▁ （6 ）環境技術マネジメントの基礎研究
▁▁▁▁ （7 ）環境技術に関する調査研究
▁▁▁▁ （8 ）その他、環境技術に関する研究
▁▁▁▁ 
▁▁▁▁ 
▁▁▁▁ 
▁▁▁▁ 
▁▁▁▁ 
▁▁▁▁ 
▁▁▁▁ 
▁▁▁▁ 
▁▁▁▁ 
▁▁▁▁ 
▁▁▁▁ 
▁▁▁▁ 
▁▁▁▁ 
▁▁▁▁ 
▁▁▁▁ 
▁▁▁▁ 
▁▁▁▁ 
▁▁▁▁ 
▁▁▁▁ 
▁▁▁▁ 
▁▁▁▁ 
▁▁▁▁ 
▁▁▁▁ 
▁▁▁▁ 
▁▁▁▁ 
▁▁▁▁ 
▁▁▁▁ 
▁▁▁▁ 
▁▁▁▁ 
▁▁▁▁ 
▁▁▁▁ 
▁▁▁▁ 
▁▁▁▁ 
▁▁▁▁ 
▁▁▁▁ 
▁▁▁▁ 
▁▁▁▁ 
▁▁▁▁ 
▁▁▁▁ 
▁▁▁▁ 
▁▁▁▁ 
▁▁▁▁ 
▁▁▁▁ 
▁▁▁▁ 
▁▁▁▁ 
▁▁▁▁ 
▁▁▁▁ 
▁▁▁▁ 
▁▁▁▁ 
▁▁▁▁ 
▁▁▁▁ 
▁▁▁▁ 
▁▁▁▁ 
▁▁▁▁
"," 
【背景】
研究助成金の対象となる研究のキーワードを特定します。
【公募情報】から、関連性の最も高い研究キーワードを5 つ、列挙してください。
研究キーワードはできるだけ短い、10 文字以下にしてください。
最後に、研究キーワードだけをスペース区切りのリストで出力してください。

【公募情報】
▁▁▁▁ 
▁▁▁▁ ""公募機関名: 八洲環境技術振興財団
▁▁▁▁ 資金種別: 助成金／寄附金
▁▁▁▁ 分野: 基礎研究、環境・地球観測、エネルギー・資源
▁▁▁▁ 件名（事業 / 助成金名）: 【八洲環境技術振興財団】2023 年度研究開発・調査助成
▁▁▁▁ 事業概要: 環境技術分野における基礎的な技術に関する下記の研究課題について、研究に従事しているか、又は具体的に研究着手の段階にあり、２～３年以内に研究の成果が期待されるものとします。
▁▁▁▁ 《研究課題》
▁▁▁▁ （1 ）再生可能エネルギー源等に関連する技術開発
▁▁▁▁ （2 ）クリーン燃料
▁▁▁▁ （3 ）エネルギーの転換、輸送、貯蔵、利用の高効率化、合理化およびそれらのシステム
▁▁▁▁ （4 ）エネルギー材料、デバイス
▁▁▁▁ （5 ）環境保全、地球温暖化防止、エネルギー利用上の技術
▁▁▁▁ （6 ）環境技術マネジメントの基礎研究
▁▁▁▁ （7 ）環境技術に関する調査研究
▁▁▁▁ （8 ）その他、環境技術に関する研究
▁▁▁▁ 
▁▁▁▁ 
▁▁▁▁ 
▁▁▁▁ 
▁▁▁▁ 
▁▁▁▁ 
▁▁▁▁ 
▁▁▁▁ 
▁▁▁▁ 
▁▁▁▁ 
▁▁▁▁ 
▁▁▁▁ 
▁▁▁▁ 
▁▁▁▁ 
▁▁▁▁ 
▁▁▁▁ 
▁▁▁▁ 
▁▁▁▁ 
▁▁▁▁ 
▁▁▁▁ 
▁▁▁▁ 
▁▁▁▁ 
▁▁▁▁ 
▁▁▁▁ 
▁▁▁▁ 
▁▁▁▁ 
▁▁▁▁ 
▁▁▁▁ 
▁▁▁▁ 
▁▁▁▁ 
▁▁▁▁ 
▁▁▁▁ 
▁▁▁▁ 
▁▁▁▁ 
▁▁▁▁ 
▁▁▁▁ 
▁▁▁▁ 
▁▁▁▁ 
▁▁▁▁ 
▁▁▁▁ 
▁▁▁▁ 
▁▁▁▁ 
▁▁▁▁ 
▁▁▁▁ 
▁▁▁▁ 
▁▁▁▁ 
▁▁▁▁ 
▁▁▁▁ 
▁▁▁▁ 
▁▁▁▁ 
▁▁▁▁ 
▁▁▁▁ 
▁▁▁▁ 
▁▁▁▁
"," 
【背景】
研究助成金の対象となる研究のキーワードを特定します。
【公募情報】から、関連性の最も高い研究キーワードを5 つ、列挙してください。
研究キーワードはできるだけ短い、10 文字以下にしてください。
最後に、研究キーワードだけをスペース区切りのリストで出力してください。

【公募情報】
▁▁▁▁ 
▁▁▁▁ ""公募機関名: 八洲環境技術振興財団
▁▁▁▁ 資金種別: 助成金／寄附金
▁▁▁▁ 分野: 基礎研究、環境・地球観測、エネルギー・資源
▁▁▁▁ 件名（事業 / 助成金名）: 【八洲環境技術振興財団】2023 年度研究開発・調査助成
▁▁▁▁ 事業概要: 環境技術分野における基礎的な技術に関する下記の研究課題について、研究に従事しているか、又は具体的に研究着手の段階にあり、２～３年以内に研究の成果が期待されるものとします。
▁▁▁▁ 《研究課題》
▁▁▁▁ （1 ）再生可能エネルギー源等に関連する技術開発
▁▁▁▁ （2 ）クリーン燃料
▁▁▁▁ （3 ）エネルギーの転換、輸送、貯蔵、利用の高効率化、合理化およびそれらのシステム
▁▁▁▁ （4 ）エネルギー材料、デバイス
▁▁▁▁ （5 ）環境保全、地球温暖化防止、エネルギー利用上の技術
▁▁▁▁ （6 ）環境技術マネジメントの基礎研究
▁▁▁▁ （7 ）環境技術に関する調査研究
▁▁▁▁ （8 ）その他、環境技術に関する研究
▁▁▁▁ 
▁▁▁▁ 
▁▁▁▁ 
▁▁▁▁ 
▁▁▁▁ 
▁▁▁▁ 
▁▁▁▁ 
▁▁▁▁ 
▁▁▁▁ 
▁▁▁▁ 
▁▁▁▁ 
▁▁▁▁ 
▁▁▁▁ 
▁▁▁▁ 
▁▁▁▁ 
▁▁▁▁ 
▁▁▁▁ 
▁▁▁▁ 
▁▁▁▁ 
▁▁▁▁ 
▁▁▁▁ 
▁▁▁▁ 
▁▁▁▁ 
▁▁▁▁ 
▁▁▁▁ 
▁▁▁▁ 
▁▁▁▁ 
▁▁▁▁ 
▁▁▁▁ 
▁▁▁▁ 
▁▁▁▁ 
▁▁▁▁ 
▁▁▁▁ 
▁▁▁▁ 
▁▁▁▁ 
▁▁▁▁ 
▁▁▁▁ 
▁▁▁▁ 
▁▁▁▁ 
▁▁▁▁ 
▁▁▁▁ 
▁▁▁▁ 
▁▁▁▁ 
▁▁▁▁ 
▁▁▁▁ 
▁▁▁▁ 
▁▁▁▁ 
▁▁▁▁ 
▁▁▁▁ 
▁▁▁▁ 
▁▁▁▁ 
▁▁▁▁ 
▁▁▁▁ 
▁▁▁▁
"," 
【背景】
研究助成金の対象となる研究のキーワードを特定します。
【公募情報】から、関連性の最も高い研究キーワードを5 つ、列挙してください。
研究キーワードはできるだけ短い、10 文字以下にしてください。
最後に、研究キーワードだけをスペース区切りのリストで出力してください。

【公募情報】
▁▁▁▁ 
▁▁▁▁ ""公募機関名: 八洲環境技術振興財団
▁▁▁▁ 資金種別: 助成金／寄附金
▁▁▁▁ 分野: 基礎研究、環境・地球観測、エネルギー・資源
▁▁▁▁ 件名（事業 / 助成金名）: 【八洲環境技術振興財団】2023 年度研究開発・調査助成
▁▁▁▁ 事業概要: 環境技術分野における基礎的な技術に関する下記の研究課題について、研究に従事しているか、又は具体的に研究着手の段階にあり、２～３年以内に研究の成果が期待されるものとします。
▁▁▁▁ 《研究課題》
▁▁▁▁ （1 ）再生可能エネルギー源等に関連する技術開発
▁▁▁▁ （2 ）クリーン燃料
▁▁▁▁ （3 ）エネルギーの転換、輸送、貯蔵、利用の高効率化、合理化およびそれらのシステム
▁▁▁▁ （4 ）エネルギー材料、デバイス
▁▁▁▁ （5 ）環境保全、地球温暖化防止、エネルギー利用上の技術
▁▁▁▁ （6 ）環境技術マネジメントの基礎研究
▁▁▁▁ （7 ）環境技術に関する調査研究
▁▁▁▁ （8 ）その他、環境技術に関する研究
▁▁▁▁ 
▁▁▁▁ 
▁▁▁▁ 
▁▁▁▁ 
▁▁▁▁ 
▁▁▁▁ 
▁▁▁▁ 
▁▁▁▁ 
▁▁▁▁ 
▁▁▁▁ 
▁▁▁▁ 
▁▁▁▁ 
▁▁▁▁ 
▁▁▁▁ 
▁▁▁▁ 
▁▁▁▁ 
▁▁▁▁ 
▁▁▁▁ 
▁▁▁▁ 
▁▁▁▁ 
▁▁▁▁ 
▁▁▁▁ 
▁▁▁▁ 
▁▁▁▁ 
▁▁▁▁ 
▁▁▁▁ 
▁▁▁▁ 
▁▁▁▁ 
▁▁▁▁ 
▁▁▁▁ 
▁▁▁▁ 
▁▁▁▁ 
▁▁▁▁ 
▁▁▁▁ 
▁▁▁▁ 
▁▁▁▁ 
▁▁▁▁ 
▁▁▁▁ 
▁▁▁▁ 
▁▁▁▁ 
▁▁▁▁ 
▁▁▁▁ 
▁▁▁▁ 
▁▁▁▁ 
▁▁▁▁ 
▁▁▁▁ 
▁▁▁▁ 
▁▁▁▁ 
▁▁▁▁ 
▁▁▁▁ 
▁▁▁▁ 
▁▁▁▁ 
▁▁▁▁ 
▁▁▁▁
"," 
【背景】
研究助成金の対象となる研究のキーワードを特定します。
【公募情報】から、関連性の最も高い研究キーワードを5 つ、列挙してください。
研究キーワードはできるだけ短い、10 文字以下にしてください。
最後に、研究キーワードだけをスペース区切りのリストで出力してください。

【公募情報】
▁▁▁▁ 
▁▁▁▁ ""公募機関名: 八洲環境技術振興財団
▁▁▁▁ 資金種別: 助成金／寄附金
▁▁▁▁ 分野: 基礎研究、環境・地球観測、エネルギー・資源
▁▁▁▁ 件名（事業 / 助成金名）: 【八洲環境技術振興財団】2023 年度研究開発・調査助成
▁▁▁▁ 事業概要: 環境技術分野における基礎的な技術に関する下記の研究課題について、研究に従事しているか、又は具体的に研究着手の段階にあり、２～３年以内に研究の成果が期待されるものとします。
▁▁▁▁ 《研究課題》
▁▁▁▁ （1 ）再生可能エネルギー源等に関連する技術開発
▁▁▁▁ （2 ）クリーン燃料
▁▁▁▁ （3 ）エネルギーの転換、輸送、貯蔵、利用の高効率化、合理化およびそれらのシステム
▁▁▁▁ （4 ）エネルギー材料、デバイス
▁▁▁▁ （5 ）環境保全、地球温暖化防止、エネルギー利用上の技術
▁▁▁▁ （6 ）環境技術マネジメントの基礎研究
▁▁▁▁ （7 ）環境技術に関する調査研究
▁▁▁▁ （8 ）その他、環境技術に関する研究
▁▁▁▁ 
▁▁▁▁ 
▁▁▁▁ 
▁▁▁▁ 
▁▁▁▁ 
▁▁▁▁ 
▁▁▁▁ 
▁▁▁▁ 
▁▁▁▁ 
▁▁▁▁ 
▁▁▁▁ 
▁▁▁▁ 
▁▁▁▁ 
▁▁▁▁ 
▁▁▁▁ 
▁▁▁▁ 
▁▁▁▁ 
▁▁▁▁ 
▁▁▁▁ 
▁▁▁▁ 
▁▁▁▁ 
▁▁▁▁ 
▁▁▁▁ 
▁▁▁▁ 
▁▁▁▁ 
▁▁▁▁ 
▁▁▁▁ 
▁▁▁▁ 
▁▁▁▁ 
▁▁▁▁ 
▁▁▁▁ 
▁▁▁▁ 
▁▁▁▁ 
▁▁▁▁ 
▁▁▁▁ 
▁▁▁▁ 
▁▁▁▁ 
▁▁▁▁ 
▁▁▁▁ 
▁▁▁▁ 
▁▁▁▁ 
▁▁▁▁ 
▁▁▁▁ 
▁▁▁▁ 
▁▁▁▁ 
▁▁▁▁ 
▁▁▁▁ 
▁▁▁▁ 
▁▁▁▁ 
▁▁▁▁ 
▁▁▁▁ 
▁▁▁▁ 
▁▁▁▁ 
▁▁▁▁
"," 
【背景】
研究助成金の対象となる研究のキーワードを特定します。
【公募情報】から、関連性の最も高い研究キーワードを5 つ、列挙してください。
研究キーワードはできるだけ短い、10 文字以下にしてください。
最後に、研究キーワードだけをスペース区切りのリストで出力してください。

【公募情報】
▁▁▁▁ 
▁▁▁▁ ""公募機関名: 八洲環境技術振興財団
▁▁▁▁ 資金種別: 助成金／寄附金
▁▁▁▁ 分野: 基礎研究、環境・地球観測、エネルギー・資源
▁▁▁▁ 件名（事業 / 助成金名）: 【八洲環境技術振興財団】2023 年度研究開発・調査助成
▁▁▁▁ 事業概要: 環境技術分野における基礎的な技術に関する下記の研究課題について、研究に従事しているか、又は具体的に研究着手の段階にあり、２～３年以内に研究の成果が期待されるものとします。
▁▁▁▁ 《研究課題》
▁▁▁▁ （1 ）再生可能エネルギー源等に関連する技術開発
▁▁▁▁ （2 ）クリーン燃料
▁▁▁▁ （3 ）エネルギーの転換、輸送、貯蔵、利用の高効率化、合理化およびそれらのシステム
▁▁▁▁ （4 ）エネルギー材料、デバイス
▁▁▁▁ （5 ）環境保全、地球温暖化防止、エネルギー利用上の技術
▁▁▁▁ （6 ）環境技術マネジメントの基礎研究
▁▁▁▁ （7 ）環境技術に関する調査研究
▁▁▁▁ （8 ）その他、環境技術に関する研究
▁▁▁▁ 
▁▁▁▁ 
▁▁▁▁ 
▁▁▁▁ 
▁▁▁▁ 
▁▁▁▁ 
▁▁▁▁ 
▁▁▁▁ 
▁▁▁▁ 
▁▁▁▁ 
▁▁▁▁ 
▁▁▁▁ 
▁▁▁▁ 
▁▁▁▁ 
▁▁▁▁ 
▁▁▁▁ 
▁▁▁▁ 
▁▁▁▁ 
▁▁▁▁ 
▁▁▁▁ 
▁▁▁▁ 
▁▁▁▁ 
▁▁▁▁ 
▁▁▁▁ 
▁▁▁▁ 
▁▁▁▁ 
▁▁▁▁ 
▁▁▁▁ 
▁▁▁▁ 
▁▁▁▁ 
▁▁▁▁ 
▁▁▁▁ 
▁▁▁▁ 
▁▁▁▁ 
▁▁▁▁ 
▁▁▁▁ 
▁▁▁▁ 
▁▁▁▁ 
▁▁▁▁ 
▁▁▁▁ 
▁▁▁▁ 
▁▁▁▁ 
▁▁▁▁ 
▁▁▁▁ 
▁▁▁▁ 
▁▁▁▁ 
▁▁▁▁ 
▁▁▁▁ 
▁▁▁▁ 
▁▁▁▁ 
▁▁▁▁ 
▁▁▁▁ 
▁▁▁▁ 
▁▁▁▁
"," 
【背景】
研究助成金の対象となる研究のキーワードを特定します。
【公募情報】から、関連性の最も高い研究キーワードを5 つ、列挙してください。
研究キーワードはできるだけ短い、10 文字以下にしてください。
最後に、研究キーワードだけをスペース区切りのリストで出力してください。

【公募情報】
▁▁▁▁ 
▁▁▁▁ ""公募機関名: 八洲環境技術振興財団
▁▁▁▁ 資金種別: 助成金／寄附金
▁▁▁▁ 分野: 基礎研究、環境・地球観測、エネルギー・資源
▁▁▁▁ 件名（事業 / 助成金名）: 【八洲環境技術振興財団】2023 年度研究開発・調査助成
▁▁▁▁ 事業概要: 環境技術分野における基礎的な技術に関する下記の研究課題について、研究に従事しているか、又は具体的に研究着手の段階にあり、２～３年以内に研究の成果が期待されるものとします。
▁▁▁▁ 《研究課題》
▁▁▁▁ （1 ）再生可能エネルギー源等に関連する技術開発
▁▁▁▁ （2 ）クリーン燃料
▁▁▁▁ （3 ）エネルギーの転換、輸送、貯蔵、利用の高効率化、合理化およびそれらのシステム
▁▁▁▁ （4 ）エネルギー材料、デバイス
▁▁▁▁ （5 ）環境保全、地球温暖化防止、エネルギー利用上の技術
▁▁▁▁ （6 ）環境技術マネジメントの基礎研究
▁▁▁▁ （7 ）環境技術に関する調査研究
▁▁▁▁ （8 ）その他、環境技術に関する研究
▁▁▁▁ 
▁▁▁▁ 
▁▁▁▁ 
▁▁▁▁ 
▁▁▁▁ 
▁▁▁▁ 
▁▁▁▁ 
▁▁▁▁ 
▁▁▁▁ 
▁▁▁▁ 
▁▁▁▁ 
▁▁▁▁ 
▁▁▁▁ 
▁▁▁▁ 
▁▁▁▁ 
▁▁▁▁ 
▁▁▁▁ 
▁▁▁▁ 
▁▁▁▁ 
▁▁▁▁ 
▁▁▁▁ 
▁▁▁▁ 
▁▁▁▁ 
▁▁▁▁ 
▁▁▁▁ 
▁▁▁▁ 
▁▁▁▁ 
▁▁▁▁ 
▁▁▁▁ 
▁▁▁▁ 
▁▁▁▁ 
▁▁▁▁ 
▁▁▁▁ 
▁▁▁▁ 
▁▁▁▁ 
▁▁▁▁ 
▁▁▁▁ 
▁▁▁▁ 
▁▁▁▁ 
▁▁▁▁ 
▁▁▁▁ 
▁▁▁▁ 
▁▁▁▁ 
▁▁▁▁ 
▁▁▁▁ 
▁▁▁▁ 
▁▁▁▁ 
▁▁▁▁ 
▁▁▁▁ 
▁▁▁▁ 
▁▁▁▁ 
▁▁▁▁ 
▁▁▁▁ 
▁▁▁▁
"," 
【背景】
研究助成金の対象となる研究のキーワードを特定します。
【公募情報】から、関連性の最も高い研究キーワードを5 つ、列挙してください。
研究キーワードはできるだけ短い、10 文字以下にしてください。
最後に、研究キーワードだけをスペース区切りのリストで出力してください。

【公募情報】
▁▁▁▁ 
▁▁▁▁ ""公募機関名: 八洲環境技術振興財団
▁▁▁▁ 資金種別: 助成金／寄附金
▁▁▁▁ 分野: 基礎研究、環境・地球観測、エネルギー・資源
▁▁▁▁ 件名（事業 / 助成金名）: 【八洲環境技術振興財団】2023 年度研究開発・調査助成
▁▁▁▁ 事業概要: 環境技術分野における基礎的な技術に関する下記の研究課題について、研究に従事しているか、又は具体的に研究着手の段階にあり、２～３年以内に研究の成果が期待されるものとします。
▁▁▁▁ 《研究課題》
▁▁▁▁ （1 ）再生可能エネルギー源等に関連する技術開発
▁▁▁▁ （2 ）クリーン燃料
▁▁▁▁ （3 ）エネルギーの転換、輸送、貯蔵、利用の高効率化、合理化およびそれらのシステム
▁▁▁▁ （4 ）エネルギー材料、デバイス
▁▁▁▁ （5 ）環境保全、地球温暖化防止、エネルギー利用上の技術
▁▁▁▁ （6 ）環境技術マネジメントの基礎研究
▁▁▁▁ （7 ）環境技術に関する調査
▁▁▁▁ （8 ）その他、環境技術に関する研究
▁▁▁▁ （9 ）その他、環境技術に関する調査
▁▁▁▁ 
▁▁▁▁ 【研究キーワード】
▁▁▁▁ 
▁▁▁▁ （1 ）再生可能エネルギー源等に関連する技術開発
▁▁▁▁ （2 ）クリーン燃料
▁▁▁▁ （3 ）エネルギーの転換、輸送、貯蔵、利用の高効率化、合理化およびそれらのシステム
▁▁▁▁ （4 ）エネルギー材料、デバイス
▁▁▁▁ （5 ）環境保全、地球温暖化防止、エネルギー利用上の技術
▁▁▁▁ （6 ）環境技術マネジメントの基礎研究
▁▁▁▁"," 
【背景】
研究助成金の対象となる研究のキーワードを特定します。
【公募情報】から、関連性の最も高い研究キーワードを5 つ、列挙してください。
研究キーワードはできるだけ短い、10 文字以下にしてください。
最後に、研究キーワードだけをスペース区切りのリストで出力してください。

【公募情報】
▁▁▁▁ 
▁▁▁▁ ""公募機関名: 八洲環境技術振興財団
▁▁▁▁ 資金種別: 助成金／寄附金
▁▁▁▁ 分野: 基礎研究、環境・地球観測、エネルギー・資源
▁▁▁▁ 件名（事業 / 助成金名）: 【八洲環境技術振興財団】2023 年度研究開発・調査助成
▁▁▁▁ 事業概要: 環境技術分野における基礎的な技術に関する下記の研究課題について、研究に従事しているか、又は具体的に研究着手の段階にあり、２～３年以内に研究の成果が期待されるものとします。
▁▁▁▁ 《研究課題》
▁▁▁▁ （1 ）再生可能エネルギー源等に関連する技術開発
▁▁▁▁ （2 ）クリーン燃料
▁▁▁▁ （3 ）エネルギーの転換、輸送、貯蔵、利用の高効率化、合理化およびそれらのシステム
▁▁▁▁ （4 ）エネルギー材料、デバイス
▁▁▁▁ （5 ）環境保全、地球温暖化防止、エネルギー利用上の技術
▁▁▁▁ （6 ）環境技術マネジメントの基礎研究
▁▁▁▁ （7 ）環境技術に関する調査
▁▁▁▁ （8 ）その他、環境技術に関する研究
▁▁▁▁ （9 ）その他、環境技術に関する調査
▁▁▁▁ 
▁▁▁▁ 【研究キーワード】
▁▁▁▁ 
▁▁▁▁ （1 ）再生可能エネルギー源等に関連する技術開発
▁▁▁▁ （2 ）クリーン燃料
▁▁▁▁ （3 ）エネルギーの転換、輸送、貯蔵、利用の高効率化、合理化およびそれらのシステム
▁▁▁▁ （4 ）エネルギー材料、デバイス
▁▁▁▁ （5 ）環境保全、地球温暖化防止、エネルギー利用上の技術
▁▁▁▁ （6 ）環境技術マネジメントの基礎研究
▁▁▁▁"
0.6," 
【背景】
研究助成金の対象となる研究のキーワードを特定します。
【公募情報】から、関連性の最も高い研究キーワードを5 つ、列挙してください。
研究キーワードはできるだけ短い、10 文字以下にしてください。
最後に、研究キーワードだけをスペース区切りのリストで出力してください。

【公募情報】
▁▁▁▁ 
▁▁▁▁ ""公募機関名: 八洲環境技術振興財団
▁▁▁▁ 資金種別: 助成金／寄附金
▁▁▁▁ 分野: 基礎研究、環境・地球観測、エネルギー・資源
▁▁▁▁ 件名（事業 / 助成金名）: 【八洲環境技術振興財団】2023 年度研究開発・調査助成
▁▁▁▁ 事業概要: 環境技術分野における基礎的な技術に関する下記の研究課題について、研究に従事しているか、又は具体的に研究着手の段階にあり、２～３年以内に研究の成果が期待されるものとします。
▁▁▁▁ 《研究課題》
▁▁▁▁ （1 ）再生可能エネルギー源等に関連する技術開発
▁▁▁▁ （2 ）クリーン燃料
▁▁▁▁ （3 ）エネルギーの転換、輸送、貯蔵、利用の高効率化、合理化およびそれらのシステム
▁▁▁▁ （4 ）エネルギー材料、デバイス
▁▁▁▁ （5 ）環境保全、地球温暖化防止、エネルギー利用上の技術
▁▁▁▁ （6 ）環境技術マネジメントの基礎研究
▁▁▁▁ （7 ）環境技術に関する調査研究
▁▁▁▁ （8 ）その他、環境技術に関する研究
▁▁▁▁ 
▁▁▁▁ 
▁▁▁▁ 
▁▁▁▁ 
▁▁▁▁ 
▁▁▁▁ 
▁▁▁▁ 
▁▁▁▁ 
▁▁▁▁ 
▁▁▁▁ 
▁▁▁▁ 
▁▁▁▁ 
▁▁▁▁ 
▁▁▁▁ 
▁▁▁▁ 
▁▁▁▁ 
▁▁▁▁ 
▁▁▁▁ 
▁▁▁▁ 
▁▁▁▁ 
▁▁▁▁ 
▁▁▁▁ 
▁▁▁▁ 
▁▁▁▁ 
▁▁▁▁ 
▁▁▁▁ 
▁▁▁▁ 
▁▁▁▁ 
▁▁▁▁ 
▁▁▁▁ 
▁▁▁▁ 
▁▁▁▁ 
▁▁▁▁ 
▁▁▁▁ 
▁▁▁▁ 
▁▁▁▁ 
▁▁▁▁ 
▁▁▁▁ 
▁▁▁▁ 
▁▁▁▁ 
▁▁▁▁ 
▁▁▁▁ 
▁▁▁▁ 
▁▁▁▁ 
▁▁▁▁ 
▁▁▁▁ 
▁▁▁▁ 
▁▁▁▁ 
▁▁▁▁ 
▁▁▁▁ 
▁▁▁▁ 
▁▁▁▁ 
▁▁▁▁ 
▁▁▁▁
"," 
【背景】
研究助成金の対象となる研究のキーワードを特定します。
【公募情報】から、関連性の最も高い研究キーワードを5 つ、列挙してください。
研究キーワードはできるだけ短い、10 文字以下にしてください。
最後に、研究キーワードだけをスペース区切りのリストで出力してください。

【公募情報】
▁▁▁▁ 
▁▁▁▁ ""公募機関名: 八洲環境技術振興財団
▁▁▁▁ 資金種別: 助成金／寄附金
▁▁▁▁ 分野: 基礎研究、環境・地球観測、エネルギー・資源
▁▁▁▁ 件名（事業 / 助成金名）: 【八洲環境技術振興財団】2023 年度研究開発・調査助成
▁▁▁▁ 事業概要: 環境技術分野における基礎的な技術に関する下記の研究課題について、研究に従事しているか、又は具体的に研究着手の段階にあり、２～３年以内に研究の成果が期待されるものとします。
▁▁▁▁ 《研究課題》
▁▁▁▁ （1 ）再生可能エネルギー源等に関連する技術開発
▁▁▁▁ （2 ）クリーン燃料
▁▁▁▁ （3 ）エネルギーの転換、輸送、貯蔵、利用の高効率化、合理化およびそれらのシステム
▁▁▁▁ （4 ）エネルギー材料、デバイス
▁▁▁▁ （5 ）環境保全、地球温暖化防止、エネルギー利用上の技術
▁▁▁▁ （6 ）環境技術マネジメントの基礎研究
▁▁▁▁ （7 ）環境技術に関する調査研究
▁▁▁▁ （8 ）その他、環境技術に関する研究
▁▁▁▁ 
▁▁▁▁ 
▁▁▁▁ 
▁▁▁▁ 
▁▁▁▁ 
▁▁▁▁ 
▁▁▁▁ 
▁▁▁▁ 
▁▁▁▁ 
▁▁▁▁ 
▁▁▁▁ 
▁▁▁▁ 
▁▁▁▁ 
▁▁▁▁ 
▁▁▁▁ 
▁▁▁▁ 
▁▁▁▁ 
▁▁▁▁ 
▁▁▁▁ 
▁▁▁▁ 
▁▁▁▁ 
▁▁▁▁ 
▁▁▁▁ 
▁▁▁▁ 
▁▁▁▁ 
▁▁▁▁ 
▁▁▁▁ 
▁▁▁▁ 
▁▁▁▁ 
▁▁▁▁ 
▁▁▁▁ 
▁▁▁▁ 
▁▁▁▁ 
▁▁▁▁ 
▁▁▁▁ 
▁▁▁▁ 
▁▁▁▁ 
▁▁▁▁ 
▁▁▁▁ 
▁▁▁▁ 
▁▁▁▁ 
▁▁▁▁ 
▁▁▁▁ 
▁▁▁▁ 
▁▁▁▁ 
▁▁▁▁ 
▁▁▁▁ 
▁▁▁▁ 
▁▁▁▁ 
▁▁▁▁ 
▁▁▁▁ 
▁▁▁▁ 
▁▁▁▁ 
▁▁▁▁
"," 
【背景】
研究助成金の対象となる研究のキーワードを特定します。
【公募情報】から、関連性の最も高い研究キーワードを5 つ、列挙してください。
研究キーワードはできるだけ短い、10 文字以下にしてください。
最後に、研究キーワードだけをスペース区切りのリストで出力してください。

【公募情報】
▁▁▁▁ 
▁▁▁▁ ""公募機関名: 八洲環境技術振興財団
▁▁▁▁ 資金種別: 助成金／寄附金
▁▁▁▁ 分野: 基礎研究、環境・地球観測、エネルギー・資源
▁▁▁▁ 件名（事業 / 助成金名）: 【八洲環境技術振興財団】2023 年度研究開発・調査助成
▁▁▁▁ 事業概要: 環境技術分野における基礎的な技術に関する下記の研究課題について、研究に従事しているか、又は具体的に研究着手の段階にあり、２～３年以内に研究の成果が期待されるものとします。
▁▁▁▁ 《研究課題》
▁▁▁▁ （1 ）再生可能エネルギー源等に関連する技術開発
▁▁▁▁ （2 ）クリーン燃料
▁▁▁▁ （3 ）エネルギーの転換、輸送、貯蔵、利用の高効率化、合理化およびそれらのシステム
▁▁▁▁ （4 ）エネルギー材料、デバイス
▁▁▁▁ （5 ）環境保全、地球温暖化防止、エネルギー利用上の技術
▁▁▁▁ （6 ）環境技術マネジメントの基礎研究
▁▁▁▁ （7 ）環境技術に関する調査研究
▁▁▁▁ （8 ）その他、環境技術に関する研究
▁▁▁▁ 
▁▁▁▁ 
▁▁▁▁ 
▁▁▁▁ 
▁▁▁▁ 
▁▁▁▁ 
▁▁▁▁ 
▁▁▁▁ 
▁▁▁▁ 
▁▁▁▁ 
▁▁▁▁ 
▁▁▁▁ 
▁▁▁▁ 
▁▁▁▁ 
▁▁▁▁ 
▁▁▁▁ 
▁▁▁▁ 
▁▁▁▁ 
▁▁▁▁ 
▁▁▁▁ 
▁▁▁▁ 
▁▁▁▁ 
▁▁▁▁ 
▁▁▁▁ 
▁▁▁▁ 
▁▁▁▁ 
▁▁▁▁ 
▁▁▁▁ 
▁▁▁▁ 
▁▁▁▁ 
▁▁▁▁ 
▁▁▁▁ 
▁▁▁▁ 
▁▁▁▁ 
▁▁▁▁ 
▁▁▁▁ 
▁▁▁▁ 
▁▁▁▁ 
▁▁▁▁ 
▁▁▁▁ 
▁▁▁▁ 
▁▁▁▁ 
▁▁▁▁ 
▁▁▁▁ 
▁▁▁▁ 
▁▁▁▁ 
▁▁▁▁ 
▁▁▁▁ 
▁▁▁▁ 
▁▁▁▁ 
▁▁▁▁ 
▁▁▁▁ 
▁▁▁▁ 
▁▁▁▁
"," 
【背景】
研究助成金の対象となる研究のキーワードを特定します。
【公募情報】から、関連性の最も高い研究キーワードを5 つ、列挙してください。
研究キーワードはできるだけ短い、10 文字以下にしてください。
最後に、研究キーワードだけをスペース区切りのリストで出力してください。

【公募情報】
▁▁▁▁ 
▁▁▁▁ ""公募機関名: 八洲環境技術振興財団
▁▁▁▁ 資金種別: 助成金／寄附金
▁▁▁▁ 分野: 基礎研究、環境・地球観測、エネルギー・資源
▁▁▁▁ 件名（事業 / 助成金名）: 【八洲環境技術振興財団】2023 年度研究開発・調査助成
▁▁▁▁ 事業概要: 環境技術分野における基礎的な技術に関する下記の研究課題について、研究に従事しているか、又は具体的に研究着手の段階にあり、２～３年以内に研究の成果が期待されるものとします。
▁▁▁▁ 《研究課題》
▁▁▁▁ （1 ）再生可能エネルギー源等に関連する技術開発
▁▁▁▁ （2 ）クリーン燃料
▁▁▁▁ （3 ）エネルギーの転換、輸送、貯蔵、利用の高効率化、合理化およびそれらのシステム
▁▁▁▁ （4 ）エネルギー材料、デバイス
▁▁▁▁ （5 ）環境保全、地球温暖化防止、エネルギー利用上の技術
▁▁▁▁ （6 ）環境技術マネジメントの基礎研究
▁▁▁▁ （7 ）環境技術に関する調査研究
▁▁▁▁ （8 ）その他、環境技術に関する研究
▁▁▁▁ 
▁▁▁▁ 
▁▁▁▁ 
▁▁▁▁ 
▁▁▁▁ 
▁▁▁▁ 
▁▁▁▁ 
▁▁▁▁ 
▁▁▁▁ 
▁▁▁▁ 
▁▁▁▁ 
▁▁▁▁ 
▁▁▁▁ 
▁▁▁▁ 
▁▁▁▁ 
▁▁▁▁ 
▁▁▁▁ 
▁▁▁▁ 
▁▁▁▁ 
▁▁▁▁ 
▁▁▁▁ 
▁▁▁▁ 
▁▁▁▁ 
▁▁▁▁ 
▁▁▁▁ 
▁▁▁▁ 
▁▁▁▁ 
▁▁▁▁ 
▁▁▁▁ 
▁▁▁▁ 
▁▁▁▁ 
▁▁▁▁ 
▁▁▁▁ 
▁▁▁▁ 
▁▁▁▁ 
▁▁▁▁ 
▁▁▁▁ 
▁▁▁▁ 
▁▁▁▁ 
▁▁▁▁ 
▁▁▁▁ 
▁▁▁▁ 
▁▁▁▁ 
▁▁▁▁ 
▁▁▁▁ 
▁▁▁▁ 
▁▁▁▁ 
▁▁▁▁ 
▁▁▁▁ 
▁▁▁▁ 
▁▁▁▁ 
▁▁▁▁ 
▁▁▁▁ 
▁▁▁▁
"," 
【背景】
研究助成金の対象となる研究のキーワードを特定します。
【公募情報】から、関連性の最も高い研究キーワードを5 つ、列挙してください。
研究キーワードはできるだけ短い、10 文字以下にしてください。
最後に、研究キーワードだけをスペース区切りのリストで出力してください。

【公募情報】
▁▁▁▁ 
▁▁▁▁ ""公募機関名: 八洲環境技術振興財団
▁▁▁▁ 資金種別: 助成金／寄附金
▁▁▁▁ 分野: 基礎研究、環境・地球観測、エネルギー・資源
▁▁▁▁ 件名（事業 / 助成金名）: 【八洲環境技術振興財団】2023 年度研究開発・調査助成
▁▁▁▁ 事業概要: 環境技術分野における基礎的な技術に関する下記の研究課題について、研究に従事しているか、又は具体的に研究着手の段階にあり、２～３年以内に研究の成果が期待されるものとします。
▁▁▁▁ 《研究課題》
▁▁▁▁ （1 ）再生可能エネルギー源等に関連する技術開発
▁▁▁▁ （2 ）クリーン燃料
▁▁▁▁ （3 ）エネルギーの転換、輸送、貯蔵、利用の高効率化、合理化およびそれらのシステム
▁▁▁▁ （4 ）エネルギー材料、デバイス
▁▁▁▁ （5 ）環境保全、地球温暖化防止、エネルギー利用上の技術
▁▁▁▁ （6 ）環境技術マネジメントの基礎研究
▁▁▁▁ （7 ）環境技術に関する調査研究
▁▁▁▁ （8 ）その他、環境技術に関する研究
▁▁▁▁ 
▁▁▁▁ 
▁▁▁▁ 
▁▁▁▁ 
▁▁▁▁ 
▁▁▁▁ 
▁▁▁▁ 
▁▁▁▁ 
▁▁▁▁ 
▁▁▁▁ 
▁▁▁▁ 
▁▁▁▁ 
▁▁▁▁ 
▁▁▁▁ 
▁▁▁▁ 
▁▁▁▁ 
▁▁▁▁ 
▁▁▁▁ 
▁▁▁▁ 
▁▁▁▁ 
▁▁▁▁ 
▁▁▁▁ 
▁▁▁▁ 
▁▁▁▁ 
▁▁▁▁ 
▁▁▁▁ 
▁▁▁▁ 
▁▁▁▁ 
▁▁▁▁ 
▁▁▁▁ 
▁▁▁▁ 
▁▁▁▁ 
▁▁▁▁ 
▁▁▁▁ 
▁▁▁▁ 
▁▁▁▁ 
▁▁▁▁ 
▁▁▁▁ 
▁▁▁▁ 
▁▁▁▁ 
▁▁▁▁ 
▁▁▁▁ 
▁▁▁▁ 
▁▁▁▁ 
▁▁▁▁ 
▁▁▁▁ 
▁▁▁▁ 
▁▁▁▁ 
▁▁▁▁ 
▁▁▁▁ 
▁▁▁▁ 
▁▁▁▁ 
▁▁▁▁ 
▁▁▁▁
"," 
【背景】
研究助成金の対象となる研究のキーワードを特定します。
【公募情報】から、関連性の最も高い研究キーワードを5 つ、列挙してください。
研究キーワードはできるだけ短い、10 文字以下にしてください。
最後に、研究キーワードだけをスペース区切りのリストで出力してください。

【公募情報】
▁▁▁▁ 
▁▁▁▁ ""公募機関名: 八洲環境技術振興財団
▁▁▁▁ 資金種別: 助成金／寄附金
▁▁▁▁ 分野: 基礎研究、環境・地球観測、エネルギー・資源
▁▁▁▁ 件名（事業 / 助成金名）: 【八洲環境技術振興財団】2023 年度研究開発・調査助成
▁▁▁▁ 事業概要: 環境技術分野における基礎的な技術に関する下記の研究課題について、研究に従事しているか、又は具体的に研究着手の段階にあり、２～３年以内に研究の成果が期待されるものとします。
▁▁▁▁ 《研究課題》
▁▁▁▁ （1 ）再生可能エネルギー源等に関連する技術開発
▁▁▁▁ （2 ）クリーン燃料
▁▁▁▁ （3 ）エネルギーの転換、輸送、貯蔵、利用の高効率化、合理化およびそれらのシステム
▁▁▁▁ （4 ）エネルギー材料、デバイス
▁▁▁▁ （5 ）環境保全、地球温暖化防止、エネルギー利用上の技術
▁▁▁▁ （6 ）環境技術マネジメントの基礎研究
▁▁▁▁ （7 ）環境技術に関する調査研究
▁▁▁▁ （8 ）その他、環境技術に関する研究
▁▁▁▁ 
▁▁▁▁ 
▁▁▁▁ 
▁▁▁▁ 
▁▁▁▁ 
▁▁▁▁ 
▁▁▁▁ 
▁▁▁▁ 
▁▁▁▁ 
▁▁▁▁ 
▁▁▁▁ 
▁▁▁▁ 
▁▁▁▁ 
▁▁▁▁ 
▁▁▁▁ 
▁▁▁▁ 
▁▁▁▁ 
▁▁▁▁ 
▁▁▁▁ 
▁▁▁▁ 
▁▁▁▁ 
▁▁▁▁ 
▁▁▁▁ 
▁▁▁▁ 
▁▁▁▁ 
▁▁▁▁ 
▁▁▁▁ 
▁▁▁▁ 
▁▁▁▁ 
▁▁▁▁ 
▁▁▁▁ 
▁▁▁▁ 
▁▁▁▁ 
▁▁▁▁ 
▁▁▁▁ 
▁▁▁▁ 
▁▁▁▁ 
▁▁▁▁ 
▁▁▁▁ 
▁▁▁▁ 
▁▁▁▁ 
▁▁▁▁ 
▁▁▁▁ 
▁▁▁▁ 
▁▁▁▁ 
▁▁▁▁ 
▁▁▁▁ 
▁▁▁▁ 
▁▁▁▁ 
▁▁▁▁ 
▁▁▁▁ 
▁▁▁▁ 
▁▁▁▁ 
▁▁▁▁
"," 
【背景】
研究助成金の対象となる研究のキーワードを特定します。
【公募情報】から、関連性の最も高い研究キーワードを5 つ、列挙してください。
研究キーワードはできるだけ短い、10 文字以下にしてください。
最後に、研究キーワードだけをスペース区切りのリストで出力してください。

【公募情報】
▁▁▁▁ 
▁▁▁▁ ""公募機関名: 八洲環境技術振興財団
▁▁▁▁ 資金種別: 助成金／寄附金
▁▁▁▁ 分野: 基礎研究、環境・地球観測、エネルギー・資源
▁▁▁▁ 件名（事業 / 助成金名）: 【八洲環境技術振興財団】2023 年度研究開発・調査助成
▁▁▁▁ 事業概要: 環境技術分野における基礎的な技術に関する下記の研究課題について、研究に従事しているか、又は具体的に研究着手の段階にあり、２～３年以内に研究の成果が期待されるものとします。
▁▁▁▁ 《研究課題》
▁▁▁▁ （1 ）再生可能エネルギー源等に関連する技術開発
▁▁▁▁ （2 ）クリーン燃料
▁▁▁▁ （3 ）エネルギーの転換、輸送、貯蔵、利用の高効率化、合理化およびそれらのシステム
▁▁▁▁ （4 ）エネルギー材料、デバイス
▁▁▁▁ （5 ）環境保全、地球温暖化防止、エネルギー利用上の技術
▁▁▁▁ （6 ）環境技術マネジメントの基礎研究
▁▁▁▁ （7 ）環境技術に関する調査
▁▁▁▁ （8 ）その他、環境技術に関する研究
▁▁▁▁ （9 ）その他、環境技術に関する調査
▁▁▁▁ 
▁▁▁▁ 【研究キーワード】
▁▁▁▁ 
▁▁▁▁ （1 ）再生可能エネルギー源等に関連する技術開発
▁▁▁▁ （2 ）クリーン燃料
▁▁▁▁ （3 ）エネルギーの転換、輸送、貯蔵、利用の高効率化、合理化およびそれらのシステム
▁▁▁▁ （4 ）エネルギー材料、デバイス
▁▁▁▁ （5 ）環境保全、地球温暖化防止、エネルギー利用上の技術
▁▁▁▁ （6 ）環境技術マネジメントの基礎研究
▁▁▁▁"," 
【背景】
研究助成金の対象となる研究のキーワードを特定します。
【公募情報】から、関連性の最も高い研究キーワードを5 つ、列挙してください。
研究キーワードはできるだけ短い、10 文字以下にしてください。
最後に、研究キーワードだけをスペース区切りのリストで出力してください。

【公募情報】
▁▁▁▁ 
▁▁▁▁ ""公募機関名: 八洲環境技術振興財団
▁▁▁▁ 資金種別: 助成金／寄附金
▁▁▁▁ 分野: 基礎研究、環境・地球観測、エネルギー・資源
▁▁▁▁ 件名（事業 / 助成金名）: 【八洲環境技術振興財団】2023 年度研究開発・調査助成
▁▁▁▁ 事業概要: 環境技術分野における基礎的な技術に関する下記の研究課題について、研究に従事しているか、又は具体的に研究着手の段階にあり、２～３年以内に研究の成果が期待されるものとします。
▁▁▁▁ 《研究課題》
▁▁▁▁ （1 ）再生可能エネルギー源等に関連する技術開発
▁▁▁▁ （2 ）クリーン燃料
▁▁▁▁ （3 ）エネルギーの転換、輸送、貯蔵、利用の高効率化、合理化およびそれらのシステム
▁▁▁▁ （4 ）エネルギー材料、デバイス
▁▁▁▁ （5 ）環境保全、地球温暖化防止、エネルギー利用上の技術
▁▁▁▁ （6 ）環境技術マネジメントの基礎研究
▁▁▁▁ （7 ）環境技術に関する調査
▁▁▁▁ （8 ）その他、環境技術に関する研究
▁▁▁▁ （9 ）その他、環境技術に関する調査
▁▁▁▁ 
▁▁▁▁ 【研究キーワード】
▁▁▁▁ 
▁▁▁▁ （1 ）再生可能エネルギー源等に関連する技術開発
▁▁▁▁ （2 ）クリーン燃料
▁▁▁▁ （3 ）エネルギーの転換、輸送、貯蔵、利用の高効率化、合理化およびそれらのシステム
▁▁▁▁ （4 ）エネルギー材料、デバイス
▁▁▁▁ （5 ）環境保全、地球温暖化防止、エネルギー利用上の技術
▁▁▁▁ （6 ）環境技術マネジメントの基礎研究
▁▁▁▁"," 
【背景】
研究助成金の対象となる研究のキーワードを特定します。
【公募情報】から、関連性の最も高い研究キーワードを5 つ、列挙してください。
研究キーワードはできるだけ短い、10 文字以下にしてください。
最後に、研究キーワードだけをスペース区切りのリストで出力してください。

【公募情報】
▁▁▁▁ 
▁▁▁▁ ""公募機関名: 八洲環境技術振興財団
▁▁▁▁ 資金種別: 助成金／寄附金
▁▁▁▁ 分野: 基礎研究、環境・地球観測、エネルギー・資源
▁▁▁▁ 件名（事業 / 助成金名）: 【八洲環境技術振興財団】2023 年度研究開発・調査助成
▁▁▁▁ 事業概要: 環境技術分野における基礎的な技術に関する下記の研究課題について、研究に従事しているか、又は具体的に研究着手の段階にあり、２～３年以内に研究の成果が期待されるものとします。
▁▁▁▁ 《研究課題》
▁▁▁▁ （1 ）再生可能エネルギー源等に関連する技術開発
▁▁▁▁ （2 ）クリーン燃料
▁▁▁▁ （3 ）エネルギーの転換、輸送、貯蔵、利用の高効率化、合理化およびそれらのシステム
▁▁▁▁ （4 ）エネルギー材料、デバイス
▁▁▁▁ （5 ）環境保全、地球温暖化防止、エネルギー利用上の技術
▁▁▁▁ （6 ）環境技術マネジメントの基礎研究
▁▁▁▁ （7 ）環境技術に関する調査
▁▁▁▁ （8 ）その他
▁▁▁▁ 
▁▁▁▁ 【研究キーワード】
▁▁▁▁ 
▁▁▁▁ （1 ）再生可能エネルギー源等に関連する技術開発
▁▁▁▁ （2 ）クリーン燃料
▁▁▁▁ （3 ）エネルギーの転換、輸送、貯蔵、利用の高効率化、合理化およびそれらのシステム
▁▁▁▁ （4 ）エネルギー材料、デバイス
▁▁▁▁ （5 ）環境保全、地球温暖化防止、エネルギー利用上の技術
▁▁▁▁ （6 ）環境技術マネジメントの基礎研究
▁▁▁▁ （7 ）環境技術に関する調査
▁▁▁▁ （8 ）その他
▁▁▁▁
"
0.7000000000000001," 
【背景】
研究助成金の対象となる研究のキーワードを特定します。
【公募情報】から、関連性の最も高い研究キーワードを5 つ、列挙してください。
研究キーワードはできるだけ短い、10 文字以下にしてください。
最後に、研究キーワードだけをスペース区切りのリストで出力してください。

【公募情報】
▁▁▁▁ 
▁▁▁▁ ""公募機関名: 八洲環境技術振興財団
▁▁▁▁ 資金種別: 助成金／寄附金
▁▁▁▁ 分野: 基礎研究、環境・地球観測、エネルギー・資源
▁▁▁▁ 件名（事業 / 助成金名）: 【八洲環境技術振興財団】2023 年度研究開発・調査助成
▁▁▁▁ 事業概要: 環境技術分野における基礎的な技術に関する下記の研究課題について、研究に従事しているか、又は具体的に研究着手の段階にあり、２～３年以内に研究の成果が期待されるものとします。
▁▁▁▁ 《研究課題》
▁▁▁▁ （1 ）再生可能エネルギー源等に関連する技術開発
▁▁▁▁ （2 ）クリーン燃料
▁▁▁▁ （3 ）エネルギーの転換、輸送、貯蔵、利用の高効率化、合理化およびそれらのシステム
▁▁▁▁ （4 ）エネルギー材料、デバイス
▁▁▁▁ （5 ）環境保全、地球温暖化防止、エネルギー利用上の技術
▁▁▁▁ （6 ）環境技術マネジメントの基礎研究
▁▁▁▁ （7 ）環境技術に関する調査研究
▁▁▁▁ （8 ）その他、環境技術に関する研究
▁▁▁▁ 
▁▁▁▁ 
▁▁▁▁ 
▁▁▁▁ 
▁▁▁▁ 
▁▁▁▁ 
▁▁▁▁ 
▁▁▁▁ 
▁▁▁▁ 
▁▁▁▁ 
▁▁▁▁ 
▁▁▁▁ 
▁▁▁▁ 
▁▁▁▁ 
▁▁▁▁ 
▁▁▁▁ 
▁▁▁▁ 
▁▁▁▁ 
▁▁▁▁ 
▁▁▁▁ 
▁▁▁▁ 
▁▁▁▁ 
▁▁▁▁ 
▁▁▁▁ 
▁▁▁▁ 
▁▁▁▁ 
▁▁▁▁ 
▁▁▁▁ 
▁▁▁▁ 
▁▁▁▁ 
▁▁▁▁ 
▁▁▁▁ 
▁▁▁▁ 
▁▁▁▁ 
▁▁▁▁ 
▁▁▁▁ 
▁▁▁▁ 
▁▁▁▁ 
▁▁▁▁ 
▁▁▁▁ 
▁▁▁▁ 
▁▁▁▁ 
▁▁▁▁ 
▁▁▁▁ 
▁▁▁▁ 
▁▁▁▁ 
▁▁▁▁ 
▁▁▁▁ 
▁▁▁▁ 
▁▁▁▁ 
▁▁▁▁ 
▁▁▁▁ 
▁▁▁▁ 
▁▁▁▁
"," 
【背景】
研究助成金の対象となる研究のキーワードを特定します。
【公募情報】から、関連性の最も高い研究キーワードを5 つ、列挙してください。
研究キーワードはできるだけ短い、10 文字以下にしてください。
最後に、研究キーワードだけをスペース区切りのリストで出力してください。

【公募情報】
▁▁▁▁ 
▁▁▁▁ ""公募機関名: 八洲環境技術振興財団
▁▁▁▁ 資金種別: 助成金／寄附金
▁▁▁▁ 分野: 基礎研究、環境・地球観測、エネルギー・資源
▁▁▁▁ 件名（事業 / 助成金名）: 【八洲環境技術振興財団】2023 年度研究開発・調査助成
▁▁▁▁ 事業概要: 環境技術分野における基礎的な技術に関する下記の研究課題について、研究に従事しているか、又は具体的に研究着手の段階にあり、２～３年以内に研究の成果が期待されるものとします。
▁▁▁▁ 《研究課題》
▁▁▁▁ （1 ）再生可能エネルギー源等に関連する技術開発
▁▁▁▁ （2 ）クリーン燃料
▁▁▁▁ （3 ）エネルギーの転換、輸送、貯蔵、利用の高効率化、合理化およびそれらのシステム
▁▁▁▁ （4 ）エネルギー材料、デバイス
▁▁▁▁ （5 ）環境保全、地球温暖化防止、エネルギー利用上の技術
▁▁▁▁ （6 ）環境技術マネジメントの基礎研究
▁▁▁▁ （7 ）環境技術に関する調査研究
▁▁▁▁ （8 ）その他、環境技術に関する研究
▁▁▁▁ 
▁▁▁▁ 
▁▁▁▁ 
▁▁▁▁ 
▁▁▁▁ 
▁▁▁▁ 
▁▁▁▁ 
▁▁▁▁ 
▁▁▁▁ 
▁▁▁▁ 
▁▁▁▁ 
▁▁▁▁ 
▁▁▁▁ 
▁▁▁▁ 
▁▁▁▁ 
▁▁▁▁ 
▁▁▁▁ 
▁▁▁▁ 
▁▁▁▁ 
▁▁▁▁ 
▁▁▁▁ 
▁▁▁▁ 
▁▁▁▁ 
▁▁▁▁ 
▁▁▁▁ 
▁▁▁▁ 
▁▁▁▁ 
▁▁▁▁ 
▁▁▁▁ 
▁▁▁▁ 
▁▁▁▁ 
▁▁▁▁ 
▁▁▁▁ 
▁▁▁▁ 
▁▁▁▁ 
▁▁▁▁ 
▁▁▁▁ 
▁▁▁▁ 
▁▁▁▁ 
▁▁▁▁ 
▁▁▁▁ 
▁▁▁▁ 
▁▁▁▁ 
▁▁▁▁ 
▁▁▁▁ 
▁▁▁▁ 
▁▁▁▁ 
▁▁▁▁ 
▁▁▁▁ 
▁▁▁▁ 
▁▁▁▁ 
▁▁▁▁ 
▁▁▁▁ 
▁▁▁▁
"," 
【背景】
研究助成金の対象となる研究のキーワードを特定します。
【公募情報】から、関連性の最も高い研究キーワードを5 つ、列挙してください。
研究キーワードはできるだけ短い、10 文字以下にしてください。
最後に、研究キーワードだけをスペース区切りのリストで出力してください。

【公募情報】
▁▁▁▁ 
▁▁▁▁ ""公募機関名: 八洲環境技術振興財団
▁▁▁▁ 資金種別: 助成金／寄附金
▁▁▁▁ 分野: 基礎研究、環境・地球観測、エネルギー・資源
▁▁▁▁ 件名（事業 / 助成金名）: 【八洲環境技術振興財団】2023 年度研究開発・調査助成
▁▁▁▁ 事業概要: 環境技術分野における基礎的な技術に関する下記の研究課題について、研究に従事しているか、又は具体的に研究着手の段階にあり、２～３年以内に研究の成果が期待されるものとします。
▁▁▁▁ 《研究課題》
▁▁▁▁ （1 ）再生可能エネルギー源等に関連する技術開発
▁▁▁▁ （2 ）クリーン燃料
▁▁▁▁ （3 ）エネルギーの転換、輸送、貯蔵、利用の高効率化、合理化およびそれらのシステム
▁▁▁▁ （4 ）エネルギー材料、デバイス
▁▁▁▁ （5 ）環境保全、地球温暖化防止、エネルギー利用上の技術
▁▁▁▁ （6 ）環境技術マネジメントの基礎研究
▁▁▁▁ （7 ）環境技術に関する調査研究
▁▁▁▁ （8 ）その他、環境技術に関する研究
▁▁▁▁ 
▁▁▁▁ 
▁▁▁▁ 
▁▁▁▁ 
▁▁▁▁ 
▁▁▁▁ 
▁▁▁▁ 
▁▁▁▁ 
▁▁▁▁ 
▁▁▁▁ 
▁▁▁▁ 
▁▁▁▁ 
▁▁▁▁ 
▁▁▁▁ 
▁▁▁▁ 
▁▁▁▁ 
▁▁▁▁ 
▁▁▁▁ 
▁▁▁▁ 
▁▁▁▁ 
▁▁▁▁ 
▁▁▁▁ 
▁▁▁▁ 
▁▁▁▁ 
▁▁▁▁ 
▁▁▁▁ 
▁▁▁▁ 
▁▁▁▁ 
▁▁▁▁ 
▁▁▁▁ 
▁▁▁▁ 
▁▁▁▁ 
▁▁▁▁ 
▁▁▁▁ 
▁▁▁▁ 
▁▁▁▁ 
▁▁▁▁ 
▁▁▁▁ 
▁▁▁▁ 
▁▁▁▁ 
▁▁▁▁ 
▁▁▁▁ 
▁▁▁▁ 
▁▁▁▁ 
▁▁▁▁ 
▁▁▁▁ 
▁▁▁▁ 
▁▁▁▁ 
▁▁▁▁ 
▁▁▁▁ 
▁▁▁▁ 
▁▁▁▁ 
▁▁▁▁ 
▁▁▁▁
"," 
【背景】
研究助成金の対象となる研究のキーワードを特定します。
【公募情報】から、関連性の最も高い研究キーワードを5 つ、列挙してください。
研究キーワードはできるだけ短い、10 文字以下にしてください。
最後に、研究キーワードだけをスペース区切りのリストで出力してください。

【公募情報】
▁▁▁▁ 
▁▁▁▁ ""公募機関名: 八洲環境技術振興財団
▁▁▁▁ 資金種別: 助成金／寄附金
▁▁▁▁ 分野: 基礎研究、環境・地球観測、エネルギー・資源
▁▁▁▁ 件名（事業 / 助成金名）: 【八洲環境技術振興財団】2023 年度研究開発・調査助成
▁▁▁▁ 事業概要: 環境技術分野における基礎的な技術に関する下記の研究課題について、研究に従事しているか、又は具体的に研究着手の段階にあり、２～３年以内に研究の成果が期待されるものとします。
▁▁▁▁ 《研究課題》
▁▁▁▁ （1 ）再生可能エネルギー源等に関連する技術開発
▁▁▁▁ （2 ）クリーン燃料
▁▁▁▁ （3 ）エネルギーの転換、輸送、貯蔵、利用の高効率化、合理化およびそれらのシステム
▁▁▁▁ （4 ）エネルギー材料、デバイス
▁▁▁▁ （5 ）環境保全、地球温暖化防止、エネルギー利用上の技術
▁▁▁▁ （6 ）環境技術マネジメントの基礎研究
▁▁▁▁ （7 ）環境技術に関する調査研究
▁▁▁▁ （8 ）その他、環境技術に関する研究
▁▁▁▁ 
▁▁▁▁ 
▁▁▁▁ 
▁▁▁▁ 
▁▁▁▁ 
▁▁▁▁ 
▁▁▁▁ 
▁▁▁▁ 
▁▁▁▁ 
▁▁▁▁ 
▁▁▁▁ 
▁▁▁▁ 
▁▁▁▁ 
▁▁▁▁ 
▁▁▁▁ 
▁▁▁▁ 
▁▁▁▁ 
▁▁▁▁ 
▁▁▁▁ 
▁▁▁▁ 
▁▁▁▁ 
▁▁▁▁ 
▁▁▁▁ 
▁▁▁▁ 
▁▁▁▁ 
▁▁▁▁ 
▁▁▁▁ 
▁▁▁▁ 
▁▁▁▁ 
▁▁▁▁ 
▁▁▁▁ 
▁▁▁▁ 
▁▁▁▁ 
▁▁▁▁ 
▁▁▁▁ 
▁▁▁▁ 
▁▁▁▁ 
▁▁▁▁ 
▁▁▁▁ 
▁▁▁▁ 
▁▁▁▁ 
▁▁▁▁ 
▁▁▁▁ 
▁▁▁▁ 
▁▁▁▁ 
▁▁▁▁ 
▁▁▁▁ 
▁▁▁▁ 
▁▁▁▁ 
▁▁▁▁ 
▁▁▁▁ 
▁▁▁▁ 
▁▁▁▁ 
▁▁▁▁
"," 
【背景】
研究助成金の対象となる研究のキーワードを特定します。
【公募情報】から、関連性の最も高い研究キーワードを5 つ、列挙してください。
研究キーワードはできるだけ短い、10 文字以下にしてください。
最後に、研究キーワードだけをスペース区切りのリストで出力してください。

【公募情報】
▁▁▁▁ 
▁▁▁▁ ""公募機関名: 八洲環境技術振興財団
▁▁▁▁ 資金種別: 助成金／寄附金
▁▁▁▁ 分野: 基礎研究、環境・地球観測、エネルギー・資源
▁▁▁▁ 件名（事業 / 助成金名）: 【八洲環境技術振興財団】2023 年度研究開発・調査助成
▁▁▁▁ 事業概要: 環境技術分野における基礎的な技術に関する下記の研究課題について、研究に従事しているか、又は具体的に研究着手の段階にあり、２～３年以内に研究の成果が期待されるものとします。
▁▁▁▁ 《研究課題》
▁▁▁▁ （1 ）再生可能エネルギー源等に関連する技術開発
▁▁▁▁ （2 ）クリーン燃料
▁▁▁▁ （3 ）エネルギーの転換、輸送、貯蔵、利用の高効率化、合理化およびそれらのシステム
▁▁▁▁ （4 ）エネルギー材料、デバイス
▁▁▁▁ （5 ）環境保全、地球温暖化防止、エネルギー利用上の技術
▁▁▁▁ （6 ）環境技術マネジメントの基礎研究
▁▁▁▁ （7 ）環境技術に関する調査研究
▁▁▁▁ （8 ）その他、環境技術に関する研究
▁▁▁▁ 
▁▁▁▁ 
▁▁▁▁ 
▁▁▁▁ 
▁▁▁▁ 
▁▁▁▁ 
▁▁▁▁ 
▁▁▁▁ 
▁▁▁▁ 
▁▁▁▁ 
▁▁▁▁ 
▁▁▁▁ 
▁▁▁▁ 
▁▁▁▁ 
▁▁▁▁ 
▁▁▁▁ 
▁▁▁▁ 
▁▁▁▁ 
▁▁▁▁ 
▁▁▁▁ 
▁▁▁▁ 
▁▁▁▁ 
▁▁▁▁ 
▁▁▁▁ 
▁▁▁▁ 
▁▁▁▁ 
▁▁▁▁ 
▁▁▁▁ 
▁▁▁▁ 
▁▁▁▁ 
▁▁▁▁ 
▁▁▁▁ 
▁▁▁▁ 
▁▁▁▁ 
▁▁▁▁ 
▁▁▁▁ 
▁▁▁▁ 
▁▁▁▁ 
▁▁▁▁ 
▁▁▁▁ 
▁▁▁▁ 
▁▁▁▁ 
▁▁▁▁ 
▁▁▁▁ 
▁▁▁▁ 
▁▁▁▁ 
▁▁▁▁ 
▁▁▁▁ 
▁▁▁▁ 
▁▁▁▁ 
▁▁▁▁ 
▁▁▁▁ 
▁▁▁▁ 
▁▁▁▁
"," 
【背景】
研究助成金の対象となる研究のキーワードを特定します。
【公募情報】から、関連性の最も高い研究キーワードを5 つ、列挙してください。
研究キーワードはできるだけ短い、10 文字以下にしてください。
最後に、研究キーワードだけをスペース区切りのリストで出力してください。

【公募情報】
▁▁▁▁ 
▁▁▁▁ ""公募機関名: 八洲環境技術振興財団
▁▁▁▁ 資金種別: 助成金／寄附金
▁▁▁▁ 分野: 基礎研究、環境・地球観測、エネルギー・資源
▁▁▁▁ 件名（事業 / 助成金名）: 【八洲環境技術振興財団】2023 年度研究開発・調査助成
▁▁▁▁ 事業概要: 環境技術分野における基礎的な技術に関する下記の研究課題について、研究に従事しているか、又は具体的に研究着手の段階にあり、２～３年以内に研究の成果が期待されるものとします。
▁▁▁▁ 《研究課題》
▁▁▁▁ （1 ）再生可能エネルギー源等に関連する技術開発
▁▁▁▁ （2 ）クリーン燃料
▁▁▁▁ （3 ）エネルギーの転換、輸送、貯蔵、利用の高効率化、合理化およびそれらのシステム
▁▁▁▁ （4 ）エネルギー材料、デバイス
▁▁▁▁ （5 ）環境保全、地球温暖化防止、エネルギー利用上の技術
▁▁▁▁ （6 ）環境技術マネジメントの基礎研究
▁▁▁▁ （7 ）環境技術に関する調査
▁▁▁▁ （8 ）その他、環境技術に関する研究
▁▁▁▁ （9 ）その他、環境技術に関する調査
▁▁▁▁ 
▁▁▁▁ 【研究キーワード】
▁▁▁▁ 
▁▁▁▁ （1 ）再生可能エネルギー源等に関連する技術開発
▁▁▁▁ （2 ）クリーン燃料
▁▁▁▁ （3 ）エネルギーの転換、輸送、貯蔵、利用の高効率化、合理化およびそれらのシステム
▁▁▁▁ （4 ）エネルギー材料、デバイス
▁▁▁▁ （5 ）環境保全、地球温暖化防止、エネルギー利用上の技術
▁▁▁▁ （6 ）環境技術マネジメントの基礎研究
▁▁▁▁"," 
【背景】
研究助成金の対象となる研究のキーワードを特定します。
【公募情報】から、関連性の最も高い研究キーワードを5 つ、列挙してください。
研究キーワードはできるだけ短い、10 文字以下にしてください。
最後に、研究キーワードだけをスペース区切りのリストで出力してください。

【公募情報】
▁▁▁▁ 
▁▁▁▁ ""公募機関名: 八洲環境技術振興財団
▁▁▁▁ 資金種別: 助成金／寄附金
▁▁▁▁ 分野: 基礎研究、環境・地球観測、エネルギー・資源
▁▁▁▁ 件名（事業 / 助成金名）: 【八洲環境技術振興財団】2023 年度研究開発・調査助成
▁▁▁▁ 事業概要: 環境技術分野における基礎的な技術に関する下記の研究課題について、研究に従事しているか、又は具体的に研究着手の段階にあり、２～３年以内に研究の成果が期待されるものとします。
▁▁▁▁ 《研究課題》
▁▁▁▁ （1 ）再生可能エネルギー源等に関連する技術開発
▁▁▁▁ （2 ）クリーン燃料
▁▁▁▁ （3 ）エネルギーの転換、輸送、貯蔵、利用の高効率化、合理化およびそれらのシステム
▁▁▁▁ （4 ）エネルギー材料、デバイス
▁▁▁▁ （5 ）環境保全、地球温暖化防止、エネルギー利用上の技術
▁▁▁▁ （6 ）環境技術マネジメントの基礎研究
▁▁▁▁ （7 ）環境技術に関する調査
▁▁▁▁ （8 ）その他、環境技術に関する研究
▁▁▁▁ （9 ）その他、環境技術に関する調査
▁▁▁▁ 
▁▁▁▁ 【研究キーワード】
▁▁▁▁ 
▁▁▁▁ （1 ）再生可能エネルギー源等に関連する技術開発
▁▁▁▁ （2 ）クリーン燃料
▁▁▁▁ （3 ）エネルギーの転換、輸送、貯蔵、利用の高効率化、合理化およびそれらのシステム
▁▁▁▁ （4 ）エネルギー材料、デバイス
▁▁▁▁ （5 ）環境保全、地球温暖化防止、エネルギー利用上の技術
▁▁▁▁ （6 ）環境技術マネジメントの基礎研究
▁▁▁▁"," 
【背景】
研究助成金の対象となる研究のキーワードを特定します。
【公募情報】から、関連性の最も高い研究キーワードを5 つ、列挙してください。
研究キーワードはできるだけ短い、10 文字以下にしてください。
最後に、研究キーワードだけをスペース区切りのリストで出力してください。

【公募情報】
▁▁▁▁ 
▁▁▁▁ ""公募機関名: 八洲環境技術振興財団
▁▁▁▁ 資金種別: 助成金／寄附金
▁▁▁▁ 分野: 基礎研究、環境・地球観測、エネルギー・資源
▁▁▁▁ 件名（事業 / 助成金名）: 【八洲環境技術振興財団】2023 年度研究開発・調査助成
▁▁▁▁ 事業概要: 環境技術分野における基礎的な技術に関する下記の研究課題について、研究に従事しているか、又は具体的に研究着手の段階にあり、２～３年以内に研究の成果が期待されるものとします。
▁▁▁▁ 《研究課題》
▁▁▁▁ （1 ）再生可能エネルギー源等に関連する技術開発
▁▁▁▁ （2 ）クリーン燃料
▁▁▁▁ （3 ）エネルギーの転換、輸送、貯蔵、利用の高効率化、合理化およびそれらのシステム
▁▁▁▁ （4 ）エネルギー材料、デバイス
▁▁▁▁ （5 ）環境保全、地球温暖化防止、エネルギー利用上の技術
▁▁▁▁ （6 ）環境技術マネジメントの基礎研究
▁▁▁▁ （7 ）環境技術に関する調査
▁▁▁▁ （8 ）その他、環境技術に関する研究
▁▁▁▁ （9 ）その他、環境技術に関する調査
▁▁▁▁ 
▁▁▁▁ 【研究キーワード】
▁▁▁▁ 
▁▁▁▁ （1 ）再生可能エネルギー源等に関連する技術開発
▁▁▁▁ （2 ）クリーン燃料
▁▁▁▁ （3 ）エネルギーの転換、輸送、貯蔵、利用の高効率化、合理化およびそれらのシステム
▁▁▁▁ （4 ）エネルギー材料、デバイス
▁▁▁▁ （5 ）環境保全、地球温暖化防止、エネルギー利用上の技術
▁▁▁▁ （6 ）環境技術マネジメントの基礎研究
▁▁▁▁"," 
【背景】
研究助成金の対象となる研究のキーワードを特定します。
【公募情報】から、関連性の最も高い研究キーワードを5 つ、列挙してください。
研究キーワードはできるだけ短い、10 文字以下にしてください。
最後に、研究キーワードだけをスペース区切りのリストで出力してください。

【公募情報】
▁▁▁▁ 
▁▁▁▁ ""公募機関名: 八洲環境技術振興財団
▁▁▁▁ 資金種別: 助成金／寄附金
▁▁▁▁ 分野: 基礎研究、環境・地球観測、エネルギー・資源
▁▁▁▁ 件名（事業 / 助成金名）: 【八洲環境技術振興財団】2023 年度研究開発・調査助成
▁▁▁▁ 事業概要: 環境技術分野における基礎的な技術に関する下記の研究課題について、研究に従事しているか、又は具体的に研究着手の段階にあり、２～３年以内に研究の成果が期待されるものとします。
▁▁▁▁ 《研究課題》
▁▁▁▁ （1 ）再生可能エネルギー源等に関連する技術開発
▁▁▁▁ （2 ）クリーン燃料
▁▁▁▁ （3 ）エネルギーの転換、輸送、貯蔵、利用の高効率化、合理化およびそれらのシステム
▁▁▁▁ （4 ）エネルギー材料、デバイス
▁▁▁▁ （5 ）環境保全、地球温暖化防止、エネルギー利用上の技術
▁▁▁▁ （6 ）環境技術マネジメントの基礎研究
▁▁▁▁ （7 ）環境技術に関する基礎研究
▁▁▁▁ （8 ）環境技術に関する調査研究
▁▁▁▁ （9 ）環境技術に関する研究開発
▁▁▁▁ （10 ）環境技術に関する研究成果の普及啓発
▁▁▁▁ （11 ）その他環境技術に関する研究開発
▁▁▁▁ （12 ）その他環境技術に関する調査研究
▁▁▁▁ （13 ）その他環境技術に関する普及啓発
▁▁▁▁ （14 ）その他環境技術に関する研究成果の普及啓発
▁▁▁▁ （15 ）その他環境技術に関する研究成果の普及啓発
▁▁▁▁ （16 ）その他環境技術に関する調査研究
▁▁▁▁ （1"
0.8," 
【背景】
研究助成金の対象となる研究のキーワードを特定します。
【公募情報】から、関連性の最も高い研究キーワードを5 つ、列挙してください。
研究キーワードはできるだけ短い、10 文字以下にしてください。
最後に、研究キーワードだけをスペース区切りのリストで出力してください。

【公募情報】
▁▁▁▁ 
▁▁▁▁ ""公募機関名: 八洲環境技術振興財団
▁▁▁▁ 資金種別: 助成金／寄附金
▁▁▁▁ 分野: 基礎研究、環境・地球観測、エネルギー・資源
▁▁▁▁ 件名（事業 / 助成金名）: 【八洲環境技術振興財団】2023 年度研究開発・調査助成
▁▁▁▁ 事業概要: 環境技術分野における基礎的な技術に関する下記の研究課題について、研究に従事しているか、又は具体的に研究着手の段階にあり、２～３年以内に研究の成果が期待されるものとします。
▁▁▁▁ 《研究課題》
▁▁▁▁ （1 ）再生可能エネルギー源等に関連する技術開発
▁▁▁▁ （2 ）クリーン燃料
▁▁▁▁ （3 ）エネルギーの転換、輸送、貯蔵、利用の高効率化、合理化およびそれらのシステム
▁▁▁▁ （4 ）エネルギー材料、デバイス
▁▁▁▁ （5 ）環境保全、地球温暖化防止、エネルギー利用上の技術
▁▁▁▁ （6 ）環境技術マネジメントの基礎研究
▁▁▁▁ （7 ）環境技術に関する調査研究
▁▁▁▁ （8 ）その他、環境技術に関する研究
▁▁▁▁ 
▁▁▁▁ 
▁▁▁▁ 
▁▁▁▁ 
▁▁▁▁ 
▁▁▁▁ 
▁▁▁▁ 
▁▁▁▁ 
▁▁▁▁ 
▁▁▁▁ 
▁▁▁▁ 
▁▁▁▁ 
▁▁▁▁ 
▁▁▁▁ 
▁▁▁▁ 
▁▁▁▁ 
▁▁▁▁ 
▁▁▁▁ 
▁▁▁▁ 
▁▁▁▁ 
▁▁▁▁ 
▁▁▁▁ 
▁▁▁▁ 
▁▁▁▁ 
▁▁▁▁ 
▁▁▁▁ 
▁▁▁▁ 
▁▁▁▁ 
▁▁▁▁ 
▁▁▁▁ 
▁▁▁▁ 
▁▁▁▁ 
▁▁▁▁ 
▁▁▁▁ 
▁▁▁▁ 
▁▁▁▁ 
▁▁▁▁ 
▁▁▁▁ 
▁▁▁▁ 
▁▁▁▁ 
▁▁▁▁ 
▁▁▁▁ 
▁▁▁▁ 
▁▁▁▁ 
▁▁▁▁ 
▁▁▁▁ 
▁▁▁▁ 
▁▁▁▁ 
▁▁▁▁ 
▁▁▁▁ 
▁▁▁▁ 
▁▁▁▁ 
▁▁▁▁ 
▁▁▁▁
"," 
【背景】
研究助成金の対象となる研究のキーワードを特定します。
【公募情報】から、関連性の最も高い研究キーワードを5 つ、列挙してください。
研究キーワードはできるだけ短い、10 文字以下にしてください。
最後に、研究キーワードだけをスペース区切りのリストで出力してください。

【公募情報】
▁▁▁▁ 
▁▁▁▁ ""公募機関名: 八洲環境技術振興財団
▁▁▁▁ 資金種別: 助成金／寄附金
▁▁▁▁ 分野: 基礎研究、環境・地球観測、エネルギー・資源
▁▁▁▁ 件名（事業 / 助成金名）: 【八洲環境技術振興財団】2023 年度研究開発・調査助成
▁▁▁▁ 事業概要: 環境技術分野における基礎的な技術に関する下記の研究課題について、研究に従事しているか、又は具体的に研究着手の段階にあり、２～３年以内に研究の成果が期待されるものとします。
▁▁▁▁ 《研究課題》
▁▁▁▁ （1 ）再生可能エネルギー源等に関連する技術開発
▁▁▁▁ （2 ）クリーン燃料
▁▁▁▁ （3 ）エネルギーの転換、輸送、貯蔵、利用の高効率化、合理化およびそれらのシステム
▁▁▁▁ （4 ）エネルギー材料、デバイス
▁▁▁▁ （5 ）環境保全、地球温暖化防止、エネルギー利用上の技術
▁▁▁▁ （6 ）環境技術マネジメントの基礎研究
▁▁▁▁ （7 ）環境技術に関する調査研究
▁▁▁▁ （8 ）その他、環境技術に関する研究
▁▁▁▁ 
▁▁▁▁ 
▁▁▁▁ 
▁▁▁▁ 
▁▁▁▁ 
▁▁▁▁ 
▁▁▁▁ 
▁▁▁▁ 
▁▁▁▁ 
▁▁▁▁ 
▁▁▁▁ 
▁▁▁▁ 
▁▁▁▁ 
▁▁▁▁ 
▁▁▁▁ 
▁▁▁▁ 
▁▁▁▁ 
▁▁▁▁ 
▁▁▁▁ 
▁▁▁▁ 
▁▁▁▁ 
▁▁▁▁ 
▁▁▁▁ 
▁▁▁▁ 
▁▁▁▁ 
▁▁▁▁ 
▁▁▁▁ 
▁▁▁▁ 
▁▁▁▁ 
▁▁▁▁ 
▁▁▁▁ 
▁▁▁▁ 
▁▁▁▁ 
▁▁▁▁ 
▁▁▁▁ 
▁▁▁▁ 
▁▁▁▁ 
▁▁▁▁ 
▁▁▁▁ 
▁▁▁▁ 
▁▁▁▁ 
▁▁▁▁ 
▁▁▁▁ 
▁▁▁▁ 
▁▁▁▁ 
▁▁▁▁ 
▁▁▁▁ 
▁▁▁▁ 
▁▁▁▁ 
▁▁▁▁ 
▁▁▁▁ 
▁▁▁▁ 
▁▁▁▁ 
▁▁▁▁
"," 
【背景】
研究助成金の対象となる研究のキーワードを特定します。
【公募情報】から、関連性の最も高い研究キーワードを5 つ、列挙してください。
研究キーワードはできるだけ短い、10 文字以下にしてください。
最後に、研究キーワードだけをスペース区切りのリストで出力してください。

【公募情報】
▁▁▁▁ 
▁▁▁▁ ""公募機関名: 八洲環境技術振興財団
▁▁▁▁ 資金種別: 助成金／寄附金
▁▁▁▁ 分野: 基礎研究、環境・地球観測、エネルギー・資源
▁▁▁▁ 件名（事業 / 助成金名）: 【八洲環境技術振興財団】2023 年度研究開発・調査助成
▁▁▁▁ 事業概要: 環境技術分野における基礎的な技術に関する下記の研究課題について、研究に従事しているか、又は具体的に研究着手の段階にあり、２～３年以内に研究の成果が期待されるものとします。
▁▁▁▁ 《研究課題》
▁▁▁▁ （1 ）再生可能エネルギー源等に関連する技術開発
▁▁▁▁ （2 ）クリーン燃料
▁▁▁▁ （3 ）エネルギーの転換、輸送、貯蔵、利用の高効率化、合理化およびそれらのシステム
▁▁▁▁ （4 ）エネルギー材料、デバイス
▁▁▁▁ （5 ）環境保全、地球温暖化防止、エネルギー利用上の技術
▁▁▁▁ （6 ）環境技術マネジメントの基礎研究
▁▁▁▁ （7 ）環境技術に関する調査研究
▁▁▁▁ （8 ）その他、環境技術に関する研究
▁▁▁▁ 
▁▁▁▁ 
▁▁▁▁ 
▁▁▁▁ 
▁▁▁▁ 
▁▁▁▁ 
▁▁▁▁ 
▁▁▁▁ 
▁▁▁▁ 
▁▁▁▁ 
▁▁▁▁ 
▁▁▁▁ 
▁▁▁▁ 
▁▁▁▁ 
▁▁▁▁ 
▁▁▁▁ 
▁▁▁▁ 
▁▁▁▁ 
▁▁▁▁ 
▁▁▁▁ 
▁▁▁▁ 
▁▁▁▁ 
▁▁▁▁ 
▁▁▁▁ 
▁▁▁▁ 
▁▁▁▁ 
▁▁▁▁ 
▁▁▁▁ 
▁▁▁▁ 
▁▁▁▁ 
▁▁▁▁ 
▁▁▁▁ 
▁▁▁▁ 
▁▁▁▁ 
▁▁▁▁ 
▁▁▁▁ 
▁▁▁▁ 
▁▁▁▁ 
▁▁▁▁ 
▁▁▁▁ 
▁▁▁▁ 
▁▁▁▁ 
▁▁▁▁ 
▁▁▁▁ 
▁▁▁▁ 
▁▁▁▁ 
▁▁▁▁ 
▁▁▁▁ 
▁▁▁▁ 
▁▁▁▁ 
▁▁▁▁ 
▁▁▁▁ 
▁▁▁▁ 
▁▁▁▁
"," 
【背景】
研究助成金の対象となる研究のキーワードを特定します。
【公募情報】から、関連性の最も高い研究キーワードを5 つ、列挙してください。
研究キーワードはできるだけ短い、10 文字以下にしてください。
最後に、研究キーワードだけをスペース区切りのリストで出力してください。

【公募情報】
▁▁▁▁ 
▁▁▁▁ ""公募機関名: 八洲環境技術振興財団
▁▁▁▁ 資金種別: 助成金／寄附金
▁▁▁▁ 分野: 基礎研究、環境・地球観測、エネルギー・資源
▁▁▁▁ 件名（事業 / 助成金名）: 【八洲環境技術振興財団】2023 年度研究開発・調査助成
▁▁▁▁ 事業概要: 環境技術分野における基礎的な技術に関する下記の研究課題について、研究に従事しているか、又は具体的に研究着手の段階にあり、２～３年以内に研究の成果が期待されるものとします。
▁▁▁▁ 《研究課題》
▁▁▁▁ （1 ）再生可能エネルギー源等に関連する技術開発
▁▁▁▁ （2 ）クリーン燃料
▁▁▁▁ （3 ）エネルギーの転換、輸送、貯蔵、利用の高効率化、合理化およびそれらのシステム
▁▁▁▁ （4 ）エネルギー材料、デバイス
▁▁▁▁ （5 ）環境保全、地球温暖化防止、エネルギー利用上の技術
▁▁▁▁ （6 ）環境技術マネジメントの基礎研究
▁▁▁▁ （7 ）環境技術に関する調査研究
▁▁▁▁ （8 ）その他、環境技術に関する研究
▁▁▁▁ 
▁▁▁▁ 
▁▁▁▁ 
▁▁▁▁ 
▁▁▁▁ 
▁▁▁▁ 
▁▁▁▁ 
▁▁▁▁ 
▁▁▁▁ 
▁▁▁▁ 
▁▁▁▁ 
▁▁▁▁ 
▁▁▁▁ 
▁▁▁▁ 
▁▁▁▁ 
▁▁▁▁ 
▁▁▁▁ 
▁▁▁▁ 
▁▁▁▁ 
▁▁▁▁ 
▁▁▁▁ 
▁▁▁▁ 
▁▁▁▁ 
▁▁▁▁ 
▁▁▁▁ 
▁▁▁▁ 
▁▁▁▁ 
▁▁▁▁ 
▁▁▁▁ 
▁▁▁▁ 
▁▁▁▁ 
▁▁▁▁ 
▁▁▁▁ 
▁▁▁▁ 
▁▁▁▁ 
▁▁▁▁ 
▁▁▁▁ 
▁▁▁▁ 
▁▁▁▁ 
▁▁▁▁ 
▁▁▁▁ 
▁▁▁▁ 
▁▁▁▁ 
▁▁▁▁ 
▁▁▁▁ 
▁▁▁▁ 
▁▁▁▁ 
▁▁▁▁ 
▁▁▁▁ 
▁▁▁▁ 
▁▁▁▁ 
▁▁▁▁ 
▁▁▁▁ 
▁▁▁▁
"," 
【背景】
研究助成金の対象となる研究のキーワードを特定します。
【公募情報】から、関連性の最も高い研究キーワードを5 つ、列挙してください。
研究キーワードはできるだけ短い、10 文字以下にしてください。
最後に、研究キーワードだけをスペース区切りのリストで出力してください。

【公募情報】
▁▁▁▁ 
▁▁▁▁ ""公募機関名: 八洲環境技術振興財団
▁▁▁▁ 資金種別: 助成金／寄附金
▁▁▁▁ 分野: 基礎研究、環境・地球観測、エネルギー・資源
▁▁▁▁ 件名（事業 / 助成金名）: 【八洲環境技術振興財団】2023 年度研究開発・調査助成
▁▁▁▁ 事業概要: 環境技術分野における基礎的な技術に関する下記の研究課題について、研究に従事しているか、又は具体的に研究着手の段階にあり、２～３年以内に研究の成果が期待されるものとします。
▁▁▁▁ 《研究課題》
▁▁▁▁ （1 ）再生可能エネルギー源等に関連する技術開発
▁▁▁▁ （2 ）クリーン燃料
▁▁▁▁ （3 ）エネルギーの転換、輸送、貯蔵、利用の高効率化、合理化およびそれらのシステム
▁▁▁▁ （4 ）エネルギー材料、デバイス
▁▁▁▁ （5 ）環境保全、地球温暖化防止、エネルギー利用上の技術
▁▁▁▁ （6 ）環境技術マネジメントの基礎研究
▁▁▁▁ （7 ）環境技術に関する調査研究
▁▁▁▁ （8 ）その他、環境技術に関する研究
▁▁▁▁ 
▁▁▁▁ 
▁▁▁▁ 
▁▁▁▁ 
▁▁▁▁ 
▁▁▁▁ 
▁▁▁▁ 
▁▁▁▁ 
▁▁▁▁ 
▁▁▁▁ 
▁▁▁▁ 
▁▁▁▁ 
▁▁▁▁ 
▁▁▁▁ 
▁▁▁▁ 
▁▁▁▁ 
▁▁▁▁ 
▁▁▁▁ 
▁▁▁▁ 
▁▁▁▁ 
▁▁▁▁ 
▁▁▁▁ 
▁▁▁▁ 
▁▁▁▁ 
▁▁▁▁ 
▁▁▁▁ 
▁▁▁▁ 
▁▁▁▁ 
▁▁▁▁ 
▁▁▁▁ 
▁▁▁▁ 
▁▁▁▁ 
▁▁▁▁ 
▁▁▁▁ 
▁▁▁▁ 
▁▁▁▁ 
▁▁▁▁ 
▁▁▁▁ 
▁▁▁▁ 
▁▁▁▁ 
▁▁▁▁ 
▁▁▁▁ 
▁▁▁▁ 
▁▁▁▁ 
▁▁▁▁ 
▁▁▁▁ 
▁▁▁▁ 
▁▁▁▁ 
▁▁▁▁ 
▁▁▁▁ 
▁▁▁▁ 
▁▁▁▁ 
▁▁▁▁ 
▁▁▁▁
"," 
【背景】
研究助成金の対象となる研究のキーワードを特定します。
【公募情報】から、関連性の最も高い研究キーワードを5 つ、列挙してください。
研究キーワードはできるだけ短い、10 文字以下にしてください。
最後に、研究キーワードだけをスペース区切りのリストで出力してください。

【公募情報】
▁▁▁▁ 
▁▁▁▁ ""公募機関名: 八洲環境技術振興財団
▁▁▁▁ 資金種別: 助成金／寄附金
▁▁▁▁ 分野: 基礎研究、環境・地球観測、エネルギー・資源
▁▁▁▁ 件名（事業 / 助成金名）: 【八洲環境技術振興財団】2023 年度研究開発・調査助成
▁▁▁▁ 事業概要: 環境技術分野における基礎的な技術に関する下記の研究課題について、研究に従事しているか、又は具体的に研究着手の段階にあり、２～３年以内に研究の成果が期待されるものとします。
▁▁▁▁ 《研究課題》
▁▁▁▁ （1 ）再生可能エネルギー源等に関連する技術開発
▁▁▁▁ （2 ）クリーン燃料
▁▁▁▁ （3 ）エネルギーの転換、輸送、貯蔵、利用の高効率化、合理化およびそれらのシステム
▁▁▁▁ （4 ）エネルギー材料、デバイス
▁▁▁▁ （5 ）環境保全、地球温暖化防止、エネルギー利用上の技術
▁▁▁▁ （6 ）環境技術マネジメントの基礎研究
▁▁▁▁ （7 ）環境保全技術に関する調査研究
▁▁▁▁ （8 ）環境保全技術に関する国際交流
▁▁▁▁ （9 ）その他、環境技術分野の基礎研究
▁▁▁▁ （10 ）その他、環境技術分野の調査研究
▁▁▁▁ （11 ）その他、環境技術分野の国際交流
▁▁▁▁ （12 ）その他、環境技術分野の調査研究
▁▁▁▁ （13 ）その他、環境技術分野の国際交流
▁▁▁▁ （14 ）その他、環境技術分野の調査研究
▁▁▁▁ （15 ）その他、環境技術分野の国際交流
▁▁▁▁ （16）その他、環境"," 
【背景】
研究助成金の対象となる研究のキーワードを特定します。
【公募情報】から、関連性の最も高い研究キーワードを5 つ、列挙してください。
研究キーワードはできるだけ短い、10 文字以下にしてください。
最後に、研究キーワードだけをスペース区切りのリストで出力してください。

【公募情報】
▁▁▁▁ 
▁▁▁▁ ""公募機関名: 八洲環境技術振興財団
▁▁▁▁ 資金種別: 助成金／寄附金
▁▁▁▁ 分野: 基礎研究、環境・地球観測、エネルギー・資源
▁▁▁▁ 件名（事業 / 助成金名）: 【八洲環境技術振興財団】2023 年度研究開発・調査助成
▁▁▁▁ 事業概要: 環境技術分野における基礎的な技術に関する下記の研究課題について、研究に従事しているか、又は具体的に研究着手の段階にあり、２～３年以内に研究の成果が期待されるものとします。
▁▁▁▁ 《研究課題》
▁▁▁▁ （1 ）再生可能エネルギー源等に関連する技術開発
▁▁▁▁ （2 ）クリーン燃料
▁▁▁▁ （3 ）エネルギーの転換、輸送、貯蔵、利用の高効率化、合理化およびそれらのシステム
▁▁▁▁ （4 ）エネルギー材料、デバイス
▁▁▁▁ （5 ）環境保全、地球温暖化防止、エネルギー利用上の技術
▁▁▁▁ （6 ）環境技術マネジメントの基礎研究
▁▁▁▁ （7 ）環境保全・省エネルギー技術
▁▁▁▁ （8 ）環境保全・省エネルギー技術の普及促進
▁▁▁▁ （9 ）環境保全・省エネルギー技術の開発、普及に関する調査研究
▁▁▁▁ （10 ）その他環境保全・省エネルギー技術に関連する研究
▁▁▁▁ （11 ）その他環境保全・省エネルギー技術に関連する研究
▁▁▁▁ （12 ）その他環境保全・省エネルギー技術に関連する研究
▁▁▁▁ （13 ）その他環境保全・省エネルギー技術に関連する研究
▁▁▁▁ （14）その他環境保全・省エネルギー技術に関連する研究
"," 
【背景】
研究助成金の対象となる研究のキーワードを特定します。
【公募情報】から、関連性の最も高い研究キーワードを5 つ、列挙してください。
研究キーワードはできるだけ短い、10 文字以下にしてください。
最後に、研究キーワードだけをスペース区切りのリストで出力してください。

【公募情報】
▁▁▁▁ 
▁▁▁▁ ""公募機関名: 八洲環境技術振興財団
▁▁▁▁ 資金種別: 助成金／寄附金
▁▁▁▁ 分野: 基礎研究、環境・地球観測、エネルギー・資源
▁▁▁▁ 件名（事業 / 助成金名）: 【八洲環境技術振興財団】2023 年度研究開発・調査助成
▁▁▁▁ 事業概要: 環境技術分野における基礎的な技術に関する下記の研究課題について、研究に従事しているか、又は具体的に研究着手の段階にあり、２～３年以内に研究の成果が期待されるものとします。
▁▁▁▁ 《研究課題》
▁▁▁▁ （1 ）再生可能エネルギー源等に関連する技術開発
▁▁▁▁ （2 ）クリーン燃料
▁▁▁▁ （3 ）エネルギーの転換、輸送、貯蔵、利用の高効率化、合理化およびそれらのシステム
▁▁▁▁ （4 ）エネルギー材料、デバイス
▁▁▁▁ （5 ）環境保全、地球温暖化防止、エネルギー利用上の技術
▁▁▁▁ （6 ）環境技術マネジメントの基礎研究
▁▁▁▁ （7 ）環境保全・省エネルギー技術
▁▁▁▁ （8 ）環境保全・省エネルギー技術の発展に資する研究
▁▁▁▁ （9 ）環境保全・省エネルギー技術に関する調査研究
▁▁▁▁ （10 ）その他環境保全・省エネルギー技術に関連する研究
▁▁▁▁ （11 ）その他環境保全・省エネルギー技術に関連する調査研究
▁▁▁▁ （12 ）その他環境保全・省エネルギー技術に関連する調査研究
▁▁▁▁ （13 ）その他環境保全・省エネルギー技術に関連する調査研究
▁▁▁▁ （14）その他環境保全・省エネルギー技術に関連"," 
【背景】
研究助成金の対象となる研究のキーワードを特定します。
【公募情報】から、関連性の最も高い研究キーワードを5 つ、列挙してください。
研究キーワードはできるだけ短い、10 文字以下にしてください。
最後に、研究キーワードだけをスペース区切りのリストで出力してください。

【公募情報】
▁▁▁▁ 
▁▁▁▁ ""公募機関名: 八洲環境技術振興財団
▁▁▁▁ 資金種別: 助成金／寄附金
▁▁▁▁ 分野: 基礎研究、環境・地球観測、エネルギー・資源
▁▁▁▁ 件名（事業 / 助成金名）: 【八洲環境技術振興財団】2023 年度研究開発・調査助成
▁▁▁▁ 事業概要: 環境技術分野における基礎的な技術に関する下記の研究課題について、研究に従事しているか、又は具体的に研究着手の段階にあり、２～３年以内に研究の成果が期待されるものとします。
▁▁▁▁ 《研究課題》
▁▁▁▁ （1 ）再生可能エネルギー源等に関連する技術開発
▁▁▁▁ （2 ）クリーン燃料
▁▁▁▁ （3 ）エネルギーの転換、輸送、貯蔵、利用の高効率化、合理化およびそれらのシステム
▁▁▁▁ （4 ）エネルギー材料、デバイス
▁▁▁▁ （5 ）環境保全、地球温暖化防止、エネルギー利用上の技術
▁▁▁▁ （6 ）環境技術マネジメントの基礎研究
▁▁▁▁ （7 ）環境保全・省エネルギー技術
▁▁▁▁ （8 ）環境保全・省エネルギー技術の発展に資する研究
▁▁▁▁ （9 ）環境保全・省エネルギー技術に関する調査研究
▁▁▁▁ （10 ）その他環境保全に関する技術開発に関するもの
▁▁▁▁ 研究課題（1 ）～（10 ）のうち、研究課題（1 ）～（5 ）に該当する研究
▁▁▁▁ 研究課題（6 ）～（9 ）に該当する研究
▁▁▁▁ 研究課題（10 ）に該当する研究
▁▁▁▁ 研究課題（1 ）～（10 ）のうち、研究課題（1 ）～（5"
0.9," 
【背景】
研究助成金の対象となる研究のキーワードを特定します。
【公募情報】から、関連性の最も高い研究キーワードを5 つ、列挙してください。
研究キーワードはできるだけ短い、10 文字以下にしてください。
最後に、研究キーワードだけをスペース区切りのリストで出力してください。

【公募情報】
▁▁▁▁ 
▁▁▁▁ ""公募機関名: 八洲環境技術振興財団
▁▁▁▁ 資金種別: 助成金／寄附金
▁▁▁▁ 分野: 基礎研究、環境・地球観測、エネルギー・資源
▁▁▁▁ 件名（事業 / 助成金名）: 【八洲環境技術振興財団】2023 年度研究開発・調査助成
▁▁▁▁ 事業概要: 環境技術分野における基礎的な技術に関する下記の研究課題について、研究に従事しているか、又は具体的に研究着手の段階にあり、２～３年以内に研究の成果が期待されるものとします。
▁▁▁▁ 《研究課題》
▁▁▁▁ （1 ）再生可能エネルギー源等に関連する技術開発
▁▁▁▁ （2 ）クリーン燃料
▁▁▁▁ （3 ）エネルギーの転換、輸送、貯蔵、利用の高効率化、合理化およびそれらのシステム
▁▁▁▁ （4 ）エネルギー材料、デバイス
▁▁▁▁ （5 ）環境保全、地球温暖化防止、エネルギー利用上の技術
▁▁▁▁ （6 ）環境技術マネジメントの基礎研究
▁▁▁▁ （7 ）環境技術に関する調査研究
▁▁▁▁ （8 ）その他、環境技術に関する研究
▁▁▁▁ 
▁▁▁▁ 
▁▁▁▁ 
▁▁▁▁ 
▁▁▁▁ 
▁▁▁▁ 
▁▁▁▁ 
▁▁▁▁ 
▁▁▁▁ 
▁▁▁▁ 
▁▁▁▁ 
▁▁▁▁ 
▁▁▁▁ 
▁▁▁▁ 
▁▁▁▁ 
▁▁▁▁ 
▁▁▁▁ 
▁▁▁▁ 
▁▁▁▁ 
▁▁▁▁ 
▁▁▁▁ 
▁▁▁▁ 
▁▁▁▁ 
▁▁▁▁ 
▁▁▁▁ 
▁▁▁▁ 
▁▁▁▁ 
▁▁▁▁ 
▁▁▁▁ 
▁▁▁▁ 
▁▁▁▁ 
▁▁▁▁ 
▁▁▁▁ 
▁▁▁▁ 
▁▁▁▁ 
▁▁▁▁ 
▁▁▁▁ 
▁▁▁▁ 
▁▁▁▁ 
▁▁▁▁ 
▁▁▁▁ 
▁▁▁▁ 
▁▁▁▁ 
▁▁▁▁ 
▁▁▁▁ 
▁▁▁▁ 
▁▁▁▁ 
▁▁▁▁ 
▁▁▁▁ 
▁▁▁▁ 
▁▁▁▁ 
▁▁▁▁ 
▁▁▁▁ 
▁▁▁▁
"," 
【背景】
研究助成金の対象となる研究のキーワードを特定します。
【公募情報】から、関連性の最も高い研究キーワードを5 つ、列挙してください。
研究キーワードはできるだけ短い、10 文字以下にしてください。
最後に、研究キーワードだけをスペース区切りのリストで出力してください。

【公募情報】
▁▁▁▁ 
▁▁▁▁ ""公募機関名: 八洲環境技術振興財団
▁▁▁▁ 資金種別: 助成金／寄附金
▁▁▁▁ 分野: 基礎研究、環境・地球観測、エネルギー・資源
▁▁▁▁ 件名（事業 / 助成金名）: 【八洲環境技術振興財団】2023 年度研究開発・調査助成
▁▁▁▁ 事業概要: 環境技術分野における基礎的な技術に関する下記の研究課題について、研究に従事しているか、又は具体的に研究着手の段階にあり、２～３年以内に研究の成果が期待されるものとします。
▁▁▁▁ 《研究課題》
▁▁▁▁ （1 ）再生可能エネルギー源等に関連する技術開発
▁▁▁▁ （2 ）クリーン燃料
▁▁▁▁ （3 ）エネルギーの転換、輸送、貯蔵、利用の高効率化、合理化およびそれらのシステム
▁▁▁▁ （4 ）エネルギー材料、デバイス
▁▁▁▁ （5 ）環境保全、地球温暖化防止、エネルギー利用上の技術
▁▁▁▁ （6 ）環境技術マネジメントの基礎研究
▁▁▁▁ （7 ）環境技術に関する調査研究
▁▁▁▁ （8 ）その他、環境技術に関する研究
▁▁▁▁ 
▁▁▁▁ 
▁▁▁▁ 
▁▁▁▁ 
▁▁▁▁ 
▁▁▁▁ 
▁▁▁▁ 
▁▁▁▁ 
▁▁▁▁ 
▁▁▁▁ 
▁▁▁▁ 
▁▁▁▁ 
▁▁▁▁ 
▁▁▁▁ 
▁▁▁▁ 
▁▁▁▁ 
▁▁▁▁ 
▁▁▁▁ 
▁▁▁▁ 
▁▁▁▁ 
▁▁▁▁ 
▁▁▁▁ 
▁▁▁▁ 
▁▁▁▁ 
▁▁▁▁ 
▁▁▁▁ 
▁▁▁▁ 
▁▁▁▁ 
▁▁▁▁ 
▁▁▁▁ 
▁▁▁▁ 
▁▁▁▁ 
▁▁▁▁ 
▁▁▁▁ 
▁▁▁▁ 
▁▁▁▁ 
▁▁▁▁ 
▁▁▁▁ 
▁▁▁▁ 
▁▁▁▁ 
▁▁▁▁ 
▁▁▁▁ 
▁▁▁▁ 
▁▁▁▁ 
▁▁▁▁ 
▁▁▁▁ 
▁▁▁▁ 
▁▁▁▁ 
▁▁▁▁ 
▁▁▁▁ 
▁▁▁▁ 
▁▁▁▁ 
▁▁▁▁ 
▁▁▁▁
"," 
【背景】
研究助成金の対象となる研究のキーワードを特定します。
【公募情報】から、関連性の最も高い研究キーワードを5 つ、列挙してください。
研究キーワードはできるだけ短い、10 文字以下にしてください。
最後に、研究キーワードだけをスペース区切りのリストで出力してください。

【公募情報】
▁▁▁▁ 
▁▁▁▁ ""公募機関名: 八洲環境技術振興財団
▁▁▁▁ 資金種別: 助成金／寄附金
▁▁▁▁ 分野: 基礎研究、環境・地球観測、エネルギー・資源
▁▁▁▁ 件名（事業 / 助成金名）: 【八洲環境技術振興財団】2023 年度研究開発・調査助成
▁▁▁▁ 事業概要: 環境技術分野における基礎的な技術に関する下記の研究課題について、研究に従事しているか、又は具体的に研究着手の段階にあり、２～３年以内に研究の成果が期待されるものとします。
▁▁▁▁ 《研究課題》
▁▁▁▁ （1 ）再生可能エネルギー源等に関連する技術開発
▁▁▁▁ （2 ）クリーン燃料
▁▁▁▁ （3 ）エネルギーの転換、輸送、貯蔵、利用の高効率化、合理化およびそれらのシステム
▁▁▁▁ （4 ）エネルギー材料、デバイス
▁▁▁▁ （5 ）環境保全、地球温暖化防止、エネルギー利用上の技術
▁▁▁▁ （6 ）環境技術マネジメントの基礎研究
▁▁▁▁ （7 ）環境技術に関する調査研究
▁▁▁▁ （8 ）その他、環境技術に関する研究
▁▁▁▁ 
▁▁▁▁ 
▁▁▁▁ 
▁▁▁▁ 
▁▁▁▁ 
▁▁▁▁ 
▁▁▁▁ 
▁▁▁▁ 
▁▁▁▁ 
▁▁▁▁ 
▁▁▁▁ 
▁▁▁▁ 
▁▁▁▁ 
▁▁▁▁ 
▁▁▁▁ 
▁▁▁▁ 
▁▁▁▁ 
▁▁▁▁ 
▁▁▁▁ 
▁▁▁▁ 
▁▁▁▁ 
▁▁▁▁ 
▁▁▁▁ 
▁▁▁▁ 
▁▁▁▁ 
▁▁▁▁ 
▁▁▁▁ 
▁▁▁▁ 
▁▁▁▁ 
▁▁▁▁ 
▁▁▁▁ 
▁▁▁▁ 
▁▁▁▁ 
▁▁▁▁ 
▁▁▁▁ 
▁▁▁▁ 
▁▁▁▁ 
▁▁▁▁ 
▁▁▁▁ 
▁▁▁▁ 
▁▁▁▁ 
▁▁▁▁ 
▁▁▁▁ 
▁▁▁▁ 
▁▁▁▁ 
▁▁▁▁ 
▁▁▁▁ 
▁▁▁▁ 
▁▁▁▁ 
▁▁▁▁ 
▁▁▁▁ 
▁▁▁▁ 
▁▁▁▁ 
▁▁▁▁
"," 
【背景】
研究助成金の対象となる研究のキーワードを特定します。
【公募情報】から、関連性の最も高い研究キーワードを5 つ、列挙してください。
研究キーワードはできるだけ短い、10 文字以下にしてください。
最後に、研究キーワードだけをスペース区切りのリストで出力してください。

【公募情報】
▁▁▁▁ 
▁▁▁▁ ""公募機関名: 八洲環境技術振興財団
▁▁▁▁ 資金種別: 助成金／寄附金
▁▁▁▁ 分野: 基礎研究、環境・地球観測、エネルギー・資源
▁▁▁▁ 件名（事業 / 助成金名）: 【八洲環境技術振興財団】2023 年度研究開発・調査助成
▁▁▁▁ 事業概要: 環境技術分野における基礎的な技術に関する下記の研究課題について、研究に従事しているか、又は具体的に研究着手の段階にあり、２～３年以内に研究の成果が期待されるものとします。
▁▁▁▁ 《研究課題》
▁▁▁▁ （1 ）再生可能エネルギー源等に関連する技術開発
▁▁▁▁ （2 ）クリーン燃料
▁▁▁▁ （3 ）エネルギーの転換、輸送、貯蔵、利用の高効率化、合理化およびそれらのシステム
▁▁▁▁ （4 ）エネルギー材料、デバイス
▁▁▁▁ （5 ）環境保全、地球温暖化防止、エネルギー利用上の技術
▁▁▁▁ （6 ）環境技術マネジメントの基礎研究
▁▁▁▁ （7 ）環境技術に関する調査研究
▁▁▁▁ （8 ）その他、環境技術に関する研究
▁▁▁▁ 
▁▁▁▁ 
▁▁▁▁ 
▁▁▁▁ 
▁▁▁▁ 
▁▁▁▁ 
▁▁▁▁ 
▁▁▁▁ 
▁▁▁▁ 
▁▁▁▁ 
▁▁▁▁ 
▁▁▁▁ 
▁▁▁▁ 
▁▁▁▁ 
▁▁▁▁ 
▁▁▁▁ 
▁▁▁▁ 
▁▁▁▁ 
▁▁▁▁ 
▁▁▁▁ 
▁▁▁▁ 
▁▁▁▁ 
▁▁▁▁ 
▁▁▁▁ 
▁▁▁▁ 
▁▁▁▁ 
▁▁▁▁ 
▁▁▁▁ 
▁▁▁▁ 
▁▁▁▁ 
▁▁▁▁ 
▁▁▁▁ 
▁▁▁▁ 
▁▁▁▁ 
▁▁▁▁ 
▁▁▁▁ 
▁▁▁▁ 
▁▁▁▁ 
▁▁▁▁ 
▁▁▁▁ 
▁▁▁▁ 
▁▁▁▁ 
▁▁▁▁ 
▁▁▁▁ 
▁▁▁▁ 
▁▁▁▁ 
▁▁▁▁ 
▁▁▁▁ 
▁▁▁▁ 
▁▁▁▁ 
▁▁▁▁ 
▁▁▁▁ 
▁▁▁▁ 
▁▁▁▁
"," 
【背景】
研究助成金の対象となる研究のキーワードを特定します。
【公募情報】から、関連性の最も高い研究キーワードを5 つ、列挙してください。
研究キーワードはできるだけ短い、10 文字以下にしてください。
最後に、研究キーワードだけをスペース区切りのリストで出力してください。

【公募情報】
▁▁▁▁ 
▁▁▁▁ ""公募機関名: 八洲環境技術振興財団
▁▁▁▁ 資金種別: 助成金／寄附金
▁▁▁▁ 分野: 基礎研究、環境・地球観測、エネルギー・資源
▁▁▁▁ 件名（事業 / 助成金名）: 【八洲環境技術振興財団】2023 年度研究開発・調査助成
▁▁▁▁ 事業概要: 環境技術分野における基礎的な技術に関する下記の研究課題について、研究に従事しているか、又は具体的に研究着手の段階にあり、２～３年以内に研究の成果が期待されるものとします。
▁▁▁▁ 《研究課題》
▁▁▁▁ （1 ）再生可能エネルギー源等に関連する技術開発
▁▁▁▁ （2 ）クリーン燃料
▁▁▁▁ （3 ）エネルギーの転換、輸送、貯蔵、利用の高効率化、合理化およびそれらのシステム
▁▁▁▁ （4 ）エネルギー材料、デバイス
▁▁▁▁ （5 ）環境保全、地球温暖化防止、エネルギー利用上の技術
▁▁▁▁ （6 ）環境技術マネジメントの基礎研究
▁▁▁▁ （7 ）環境保全技術に関する調査研究
▁▁▁▁ （8 ）環境保全技術に関する国際交流
▁▁▁▁ （9 ）その他、環境技術分野の基礎研究
▁▁▁▁ 
▁▁▁▁ 
▁▁▁▁ 
▁▁▁▁ 
▁▁▁▁ 
▁▁▁▁ 
▁▁▁▁ 
▁▁▁▁ 
▁▁▁▁ 
▁▁▁▁ 
▁▁▁▁ 
▁▁▁▁ 
▁▁▁▁ 
▁▁▁▁ 
▁▁▁▁ 
▁▁▁▁ 
▁▁▁▁ 
▁▁▁▁ 
▁▁▁▁ 
▁▁▁▁ 
▁▁▁▁ 
▁▁▁▁ 
▁▁▁▁ 
▁▁▁▁ 
▁▁▁▁ 
▁▁▁▁ 
▁▁▁▁ 
▁▁▁▁ 
▁▁▁▁ 
▁▁▁▁ 
▁▁▁▁ 
▁▁▁▁ 
▁▁▁▁ 
▁▁▁▁ 
▁▁▁▁ 
▁▁▁▁ 
▁▁▁▁ 
▁▁▁▁ 
▁▁▁▁ 
▁▁▁▁ 
▁▁▁▁ 
▁▁▁▁ 
▁▁▁▁ 
▁▁▁▁ 
▁▁▁▁ 
▁▁▁▁
"," 
【背景】
研究助成金の対象となる研究のキーワードを特定します。
【公募情報】から、関連性の最も高い研究キーワードを5 つ、列挙してください。
研究キーワードはできるだけ短い、10 文字以下にしてください。
最後に、研究キーワードだけをスペース区切りのリストで出力してください。

【公募情報】
▁▁▁▁ 
▁▁▁▁ ""公募機関名: 八洲環境技術振興財団
▁▁▁▁ 資金種別: 助成金／寄附金
▁▁▁▁ 分野: 基礎研究、環境・地球観測、エネルギー・資源
▁▁▁▁ 件名（事業 / 助成金名）: 【八洲環境技術振興財団】2023 年度研究開発・調査助成
▁▁▁▁ 事業概要: 環境技術分野における基礎的な技術に関する下記の研究課題について、研究に従事しているか、又は具体的に研究着手の段階にあり、２～３年以内に研究の成果が期待されるものとします。
▁▁▁▁ 《研究課題》
▁▁▁▁ （1 ）再生可能エネルギー源等に関連する技術開発
▁▁▁▁ （2 ）クリーン燃料
▁▁▁▁ （3 ）エネルギーの転換、輸送、貯蔵、利用の高効率化、合理化およびそれらのシステム
▁▁▁▁ （4 ）エネルギー材料、デバイス
▁▁▁▁ （5 ）環境保全、地球温暖化防止、エネルギー利用上の技術
▁▁▁▁ （6 ）環境技術マネジメントの基礎研究
▁▁▁▁ （7 ）環境保全技術に関する調査研究
▁▁▁▁ （8 ）環境保全技術に関する国際交流、技術協力
▁▁▁▁ （9 ）環境保全技術に関する研究開発
▁▁▁▁ （10 ）環境保全技術に関する調査研究
▁▁▁▁ （11 ）環境保全技術に関する国際交流、技術協力
▁▁▁▁ （12 ）環境保全技術に関する調査研究
▁▁▁▁ （13 ）環境保全技術に関する国際交流、技術協力
▁▁▁▁ （14 ）環境保全技術に関する調査研究
▁▁▁▁ （15 ）環境保全技術に関する国際交流、技術協力
▁▁▁▁ （1"," 
【背景】
研究助成金の対象となる研究のキーワードを特定します。
【公募情報】から、関連性の最も高い研究キーワードを5 つ、列挙してください。
研究キーワードはできるだけ短い、10 文字以下にしてください。
最後に、研究キーワードだけをスペース区切りのリストで出力してください。

【公募情報】
▁▁▁▁ 
▁▁▁▁ ""公募機関名: 八洲環境技術振興財団
▁▁▁▁ 資金種別: 助成金／寄附金
▁▁▁▁ 分野: 基礎研究、環境・地球観測、エネルギー・資源
▁▁▁▁ 件名（事業 / 助成金名）: 【八洲環境技術振興財団】2023 年度研究開発・調査助成
▁▁▁▁ 事業概要: 環境技術分野における基礎的な技術に関する下記の研究課題について、研究に従事しているか、又は具体的に研究着手の段階にあり、２～３年以内に研究の成果が期待されるものとします。
▁▁▁▁ 《研究課題》
▁▁▁▁ （1 ）再生可能エネルギー源等に関連する技術開発
▁▁▁▁ （2 ）クリーン燃料
▁▁▁▁ （3 ）エネルギーの転換、輸送、貯蔵、利用の高効率化、合理化およびそれらのシステム
▁▁▁▁ （4 ）エネルギー材料、デバイス
▁▁▁▁ （5 ）環境保全、地球温暖化防止、エネルギー利用上の技術
▁▁▁▁ （6 ）環境技術マネジメントの基礎研究
▁▁▁▁ （7 ）環境保全・省エネルギー技術
▁▁▁▁ （8 ）環境保全・省エネルギー技術の普及促進
▁▁▁▁ （9 ）環境保全・省エネルギー技術の開発、普及に関する調査研究
▁▁▁▁ （10 ）その他環境保全・省エネルギー技術に関連する研究
▁▁▁▁ （11 ）その他環境保全・省エネルギー技術に関連する研究
▁▁▁▁ （12 ）その他環境保全・省エネルギー技術に関連する研究
▁▁▁▁ （13 ）その他環境保全・省エネルギー技術に関連する研究
▁▁▁▁ （14）その他環境保全・省エネルギー技術に関連する研究
"," 
【背景】
研究助成金の対象となる研究のキーワードを特定します。
【公募情報】から、関連性の最も高い研究キーワードを5 つ、列挙してください。
研究キーワードはできるだけ短い、10 文字以下にしてください。
最後に、研究キーワードだけをスペース区切りのリストで出力してください。

【公募情報】
▁▁▁▁ 
▁▁▁▁ ""公募機関名: 八洲環境技術振興財団
▁▁▁▁ 資金種別: 助成金／寄附金
▁▁▁▁ 分野: 基礎研究、環境・地球観測、エネルギー・資源
▁▁▁▁ 件名（事業 / 助成金名）: 【八洲環境技術振興財団】2023 年度研究開発・調査助成
▁▁▁▁ 事業概要: 環境技術分野における基礎的な技術に関する下記の研究課題について、研究に従事しているか、又は具体的に研究着手の段階にあり、２～３年以内に研究の成果が期待されるものとします。
▁▁▁▁ 《研究課題》
▁▁▁▁ （1 ）再生可能エネルギー源等に関連する技術開発
▁▁▁▁ （2 ）クリーン燃料
▁▁▁▁ （3 ）エネルギーの転換、輸送、貯蔵、利用の高効率化、合理化およびそれらのシステム
▁▁▁▁ （4 ）エネルギー材料、デバイス
▁▁▁▁ （5 ）環境保全、地球温暖化防止、エネルギー利用上の技術
▁▁▁▁ （6 ）環境技術マネジメントの基礎研究
▁▁▁▁ （7 ）環境保全・省エネルギー技術
▁▁▁▁ （8 ）環境保全・省エネルギー技術の発展に資する研究
▁▁▁▁ （9 ）環境保全・省エネルギー技術に関する調査研究
▁▁▁▁ （10 ）その他環境保全・省エネルギー技術に関連する研究
▁▁▁▁ （11 ）エネルギー・資源・環境分野の基礎研究、基礎技術の調査・研究
▁▁▁▁ （12 ）地球温暖化防止対策に関連する調査研究
▁▁▁▁ （13 ）地球温暖化防止対策に関連する研究
▁▁▁▁ （14）その他環境保全・省エネルギー技術に関連する調査"," 
【背景】
研究助成金の対象となる研究のキーワードを特定します。
【公募情報】から、関連性の最も高い研究キーワードを5 つ、列挙してください。
研究キーワードはできるだけ短い、10 文字以下にしてください。
最後に、研究キーワードだけをスペース区切りのリストで出力してください。

【公募情報】
▁▁▁▁ 
▁▁▁▁ ""公募機関名: 八洲環境技術振興財団
▁▁▁▁ 資金種別: 助成金／寄附金
▁▁▁▁ 分野: 基礎研究、環境・地球観測、エネルギー・資源
▁▁▁▁ 件名（事業 / 助成金名）: 【八洲環境技術振興財団】2023 年度研究開発・調査助成
▁▁▁▁ 事業概要: 環境技術分野における基礎的な技術に関する下記の研究課題について、研究に従事しているか、又は具体的に研究着手の段階にあり、２～３年以内に研究の成果が期待されるものとします。
▁▁▁▁ 《研究課題》
▁▁▁▁ （1 ）再生可能エネルギー源等に関連する技術開発
▁▁▁▁ （2 ）クリーン燃料
▁▁▁▁ （3 ）エネルギーの転換、輸送、貯蔵、利用の高効率化、合理化およびそれらのシステム
▁▁▁▁ （4 ）エネルギー材料、デバイス
▁▁▁▁ （5 ）環境保全、地球温暖化防止、エネルギー利用上の技術
▁▁▁▁ （6 ）環境技術マネジメントの基礎研究
▁▁▁▁ （7 ）環境研究に関する基礎的調査
▁▁▁▁ （8 ）環境関連機器、システムの開発および普及、評価に関する調査、研究
▁▁▁▁ （9 ）環境関連技術分野における人材育成
▁▁▁▁ （10 ）その他、本財団の目的を達成する上で有益と認められる研究
▁▁▁▁ （11 ）研究課題例：[1 ] 再生可能エネルギー利用に係る電力・熱・輸送などのエネルギーシステムの基礎研究
▁▁▁▁ [2 ] エネルギー貯蔵技術の開発
▁▁▁▁ [3 ] エネルギー輸送技術の開発
▁▁▁▁ [4 ] バイオマスエネルギー利用技術の開発
▁▁▁▁ [5"
